grid_id,traffic_score,industrial_score,emission_index
1,0.08944888072282599,0.02455112215098822,0.0570000014369071
2,0.026441230071978294,0.022233522383041354,0.024337376227509824
3,0.0928544879990913,0.034415616239527436,0.06363505211930937
4,0.13544876767829758,0.03444554999759312,0.08494715883794535
5,0.128788247250171,0.03363165385824873,0.08120995055420986
6,0.02630850897317928,0.032401876232556755,0.029355192602868018
7,0.06818464750801155,0.031807506763999516,0.04999607713600553
8,0.037928595610854106,0.034816544965352976,0.03637257028810354
9,0.06883770125411717,0.03893887745693781,0.05388828935552749
10,0.0438418262505081,0.04147911272867709,0.042660469489592595
11,0.15033625538055373,0.045131525141179775,0.09773389026086675
12,0.1873389770331462,0.04446857961602773,0.11590377832458697
13,0.09128322927618367,0.04227260742601647,0.06677791835110007
14,0.12542699259080647,0.037135522455164646,0.08128125752298557
15,0.2234940608682836,0.014244611765080134,0.11886933631668187
16,0.1121867895711599,0.01740449406808635,0.06479564181962313
17,0.23943561861777107,0.02254211634405167,0.13098886748091138
18,0.12404838500209589,0.0629368925027012,0.09349263875239855
19,0.17672903049414548,0.060278893252730635,0.11850396187343806
20,0.0848384917654626,0.059054927585796696,0.07194670967562965
21,0.1321076641400919,0.0562174973632616,0.09416258075167674
22,0.1564171009841921,0.05802490171295382,0.10722100134857296
23,0.14834665054356574,0.01652001330242304,0.08243333192299439
24,0.1791912224450186,0.022213694893208392,0.1007024586691135
25,0.19221389492520227,0.029643137079093756,0.11092851600214801
26,0.3449750199893766,0.037516545005469755,0.19124578249742316
27,0.20717639381318015,0.05984402332537201,0.1335102085692761
28,0.22128120756527217,0.057773973872407534,0.13952759071883986
29,0.16765018420723238,0.07890123568884341,0.1232757099480379
30,0.1811146496109109,0.07861739095978072,0.1298660202853458
31,0.08588907388430612,0.07727770311219094,0.08158338849824853
32,0.09124873406504568,0.07350030882921026,0.08237452144712797
33,0.10263696764449483,0.0654816762168231,0.08405932193065896
34,0.05539276707126592,0.06257579512634102,0.05898428109880347
35,0.3002434542210089,0.022159717445955376,0.16120158583348212
36,0.2316879604312489,0.028612836815032558,0.13015039862314073
37,0.27744322005192434,0.03735687459447239,0.15740004732319837
38,0.2945236907702933,0.046861586167742546,0.17069263846901792
39,0.2775721707158382,0.057904835557492804,0.1677385031366655
40,0.2577423056716755,0.07279354645305375,0.16526792606236462
41,0.23282573043331084,0.07947381810718826,0.15614977427024956
42,0.22207110056844676,0.09594574343618123,0.159008422002314
43,0.08767091782825144,0.0946923904247384,0.09118165412649493
44,0.2462247785910958,0.03424495964155021,0.140234869116323
45,0.33422682582016794,0.03496553260028361,0.18459617921022578
46,0.2018240364723505,0.04529182467442174,0.12355793057338613
47,0.24319090318506204,0.056761999376963565,0.1499764512810128
48,0.19592455631719902,0.06934610955186331,0.13263533293453117
49,0.19131605232627247,0.08283896938368991,0.13707751085498118
50,0.21695758195336862,0.09252352769850467,0.15474055482593663
51,0.21905558453369905,0.12140437499284178,0.17022997976327042
52,0.13075309921268163,0.11337986591403823,0.12206648256335993
53,0.3101757875608627,0.052677905461345806,0.18142684651110427
54,0.29981437715316517,0.04558264599936324,0.1726985115762642
55,0.28627543387097837,0.04117439963478674,0.16372491675288256
56,0.3497385836939143,0.0531903410555509,0.2014644623747326
57,0.34209934652501695,0.06691716222103476,0.20450825437302586
58,0.27842157197075024,0.0825094857652222,0.18046552886798622
59,0.13743395563544128,0.09995525180354667,0.11869460371949397
60,0.24362897281184215,0.11960585764682122,0.18161741522933167
61,0.2713518520576576,0.1475295903688147,0.20944072121323615
62,0.2629469024168126,0.15316332321789447,0.20805511281735356
63,0.2205075058355928,0.06494536132615256,0.14272643358087267
64,0.33212147387183544,0.05856586243166787,0.19534366815175166
65,0.4303438501893943,0.050492509590749024,0.24041817989007166
66,0.27198690292759964,0.060673070046248605,0.16632998648692413
67,0.31689489685691585,0.07684687695684529,0.19687088690688057
68,0.23599752029866164,0.09590749034383485,0.16595250532124825
69,0.3974741347124301,0.11827926601195649,0.2578767003621933
70,0.3386285372061148,0.14406004087940297,0.2413442890427589
71,0.2027668734626822,0.17237280893831855,0.18756984120050038
72,0.2027455550068152,0.19673655169854137,0.19974105335267828
73,0.4484074375916035,0.0823509037813623,0.2653791706864829
74,0.30221758097592527,0.07366348053625016,0.18794053075608771
75,0.314685461335563,0.06312120057690274,0.18890333095623288
76,0.4518384166271842,0.06724226603177128,0.25954034132947773
77,0.20454532000331666,0.08584135732282662,0.14519333866307163
78,0.33146937483782307,0.10856126776447754,0.2200153213011503
79,0.2381749762317662,0.136587093503632,0.18738103486769908
80,0.30262860391681756,0.17121344645860934,0.23692102518771346
81,0.33231342650596196,0.21310693625016097,0.27271018137806147
82,0.2598658698481123,0.26100699235066477,0.2604364310993885
83,0.30365001288080057,0.3275771561180441,0.31561358449942234
84,0.35369718317286675,0.10377198431532161,0.22873458374409417
85,0.422681949962463,0.09107218779562358,0.25687706887904327
86,0.3678551893205144,0.0771520289661325,0.22250360914332346
87,0.3175677150944145,0.07232857722410521,0.19494814615925987
88,0.3916113984684252,0.09300185270943531,0.24230662558893024
89,0.18550426667349537,0.11903555288508118,0.15226990977928828
90,0.3388200816903637,0.15261867488491718,0.24571937828764046
91,0.15875020674895216,0.19705428707692577,0.17790224691293896
92,0.304505693301261,0.25699755980747196,0.2807516265543665
93,0.28410248121648,0.33657645856850044,0.3103394698924902
94,0.2971867431896478,0.42475464346830966,0.3609706933289787
95,0.3526349676996771,0.12667783481133515,0.23965640125550614
96,0.2887048060779365,0.11089706892088028,0.19980093749940842
97,0.5733836595943389,0.0924025690131575,0.3328931143037482
98,0.2553715113930331,0.07565012664699439,0.16551081902001374
99,0.3179239656093278,0.09740555448382823,0.20766476004657802
100,0.26143289665886243,0.12567317685904375,0.19355303675895308
101,0.29246744986077633,0.16325525776652994,0.22786135381365313
102,0.3946601977603166,0.2155240481638383,0.30509212296207744
103,0.3586305126288072,0.29267830730997174,0.32565440996938944
104,0.28484411876573607,0.41552599685226543,0.3501850578090008
105,0.2887676105047549,0.6062630436825961,0.4475153270936755
106,0.5152065678813176,0.1585013671623743,0.33685396752184593
107,0.4964254853508786,0.1328012358448715,0.31461336059787504
108,0.2708626734763061,0.1083164090289935,0.18958954125264982
109,0.349846076815455,0.0873324042795287,0.21858924054749185
110,0.43786064269182995,0.09838125180448173,0.2681209472481558
111,0.3118533523202833,0.12716539191157805,0.21950937211593066
112,0.36431669542390016,0.1657026062856223,0.26500965085476125
113,0.23885141673401752,0.21994752138563914,0.22939946905982833
114,0.31577647830514466,0.30191128154809016,0.30884387992661744
115,0.30682302361904557,0.4398478764319871,0.3733354500255163
116,0.3581543682050342,0.6827898701983928,0.5204721192017134
117,0.31345824124051863,0.0947291725283875,0.20409370688445305
118,0.3777209378046915,0.11423903011623522,0.24597998396046336
119,0.3215545111055043,0.35722785519788275,0.33939118315169353
120,0.5205395777720863,0.1876580746479433,0.35409882621001476
121,0.503856349387915,0.15549641089439886,0.32967638014115697
122,0.35887501411570705,0.12374367084680635,0.24130934248125668
123,0.2621457862967124,0.09811311967837258,0.18012945298754252
124,0.5982633407130802,0.09576873049371316,0.34701603560339667
125,0.33852919460523945,0.12318767259031088,0.23085843359777516
126,0.33399457546448946,0.1592255825707107,0.24661007901760007
127,0.3632248323517041,0.20838730135232902,0.2858060668520166
128,0.3578517565864271,0.2783776821359998,0.31811471936121344
129,0.3087733001095635,0.37586781902606314,0.3423205595678133
130,0.2086466617483088,0.549885789347803,0.3792662255480559
131,0.38654147960105395,0.08457628119170522,0.2355588803963796
132,0.49751610935725366,0.09839981282168733,0.2979579610894705
133,0.45498595624165417,0.12287517751379748,0.28893056687772584
134,0.4267760553906917,0.47124535925352357,0.4490107073221076
135,0.42659130146508817,0.4585323762155436,0.44256183884031586
136,0.3799972858912746,0.47066045550953256,0.4253288707004036
137,0.4142365136501567,0.41600632303055524,0.415121418340356
138,0.6141628856587327,0.3076358584250009,0.4608993720418668
139,0.3795633196976038,0.2198241403196268,0.2996937300086153
140,0.5216911384157922,0.1761048248859718,0.348897981650882
141,0.4011565338247932,0.13681054000580964,0.2689835369153014
142,0.5804915612264581,0.10682143423699006,0.3436564977317241
143,0.3280163057119114,0.08998746232000068,0.20900188401595604
144,0.32425274317567265,0.11457989783359356,0.2194163205046331
145,0.4046911016005523,0.14569267080835263,0.27519188620445245
146,0.36766373228679905,0.18562173722257763,0.27664273475468837
147,0.23794428797436057,0.23683874790437945,0.23739151793937002
148,0.32126296229823315,0.28941652079778685,0.30533974154801
149,0.36689940002648835,0.2879930008694369,0.32744620044796263
150,0.3474656276881126,0.06944610552951183,0.2084558666088122
151,0.4773994071872,0.08257441904282699,0.2799869131150135
152,0.43433773240233847,0.10309361734999574,0.2687156748761671
153,0.5292534952522316,0.13260691548168643,0.33093020536695905
154,0.39715815559745515,0.1662666617734018,0.28171240868542846
155,0.4457049885072428,0.2708484810857067,0.35827673479647476
156,0.5282931699154914,0.28598287730418304,0.4071380236098372
157,0.6427970060857564,0.550301288750918,0.5965491474183372
158,0.4841519174373329,0.6847716766505341,0.5844617970439334
159,0.49665984952743103,0.7933692016314667,0.6450145255794488
160,0.42847877656701616,0.5329588022429079,0.48071878940496204
161,0.6574467977400481,0.3532806909805018,0.505363744360275
162,0.4308456083362722,0.25462125671582286,0.34273343252604754
163,0.362757296254836,0.19009784311695735,0.27642756968589666
164,0.39837285506084497,0.1451752278118586,0.27177404143635175
165,0.5495017890016769,0.11219223037204284,0.33084700968685987
166,0.5007249671533636,0.08698033473831789,0.29385265094584073
167,0.36982124648038595,0.10289796730043031,0.23635960689040814
168,0.38268157150305704,0.1282610793495156,0.2554713254262863
169,0.4209783571396476,0.1585879957967027,0.28978317646817514
170,0.3113594249621676,0.193593330595256,0.2524763777787118
171,0.39915217740874426,0.22867331911573835,0.3139127482622413
172,0.2319860491188477,0.23525087215675441,0.23361846063780106
173,0.1536179286293255,0.2438693517932107,0.1987436402112681
174,0.41887806856003307,0.23527157440513238,0.3270748214825827
175,0.2077399216696536,0.2106322545974184,0.209186088133536
176,0.3587960178384045,0.0699903591201882,0.21439318847929634
177,0.30057517498766884,0.08051378002944273,0.1905444775085558
178,0.44250702453732205,0.10404126548939246,0.27327414501335723
179,0.3850765120187222,0.13460844773499442,0.25984247987685827
180,0.6432298481999372,0.17589666169670867,0.40956325494832296
181,0.3890732467231035,0.2343443828285368,0.31170881477582013
182,0.5139804430209676,0.3013667494956344,0.407673596258301
183,0.4868762270184738,0.4368178395186022,0.461847033268538
184,0.58473252101835,0.8384582266690557,0.7115953738437029
185,0.3808655913831363,0.9999999984340188,0.6904327949085776
186,0.3543456206979189,0.5637384790781768,0.45904204988804787
187,0.4119847662889689,0.3676037273207367,0.3897942468048528
188,0.41559677190058086,0.26040431599601327,0.33800054394829704
189,0.3630157012096027,0.1930738110946446,0.27804475615212365
190,0.4920445165226239,0.14690176829568286,0.31947314240915337
191,0.6578833640035672,0.11328104817569629,0.38558220608963173
192,0.5012926321260179,0.08771040268937468,0.2945015174076963
193,0.43654530562994986,0.08974852702184594,0.26314691632589793
194,0.4056858232407393,0.10973204887954627,0.2577089360601428
195,0.4885389294371282,0.13208706718938992,0.31031299831325904
196,0.3885622397321914,0.15572700380971283,0.2721446217709521
197,0.32721091068542163,0.17468528246769396,0.2509480965765578
198,0.3733563153435807,0.19033157069554013,0.2818439430195604
199,0.22517441154984158,0.1992037995644786,0.21218910555716008
200,0.3274335782652673,0.19126195850629396,0.25934776838578066
201,0.3175396991537888,0.1758782983628551,0.24670899875832197
202,0.4737707088575238,0.0653382061985792,0.2695544575280515
203,0.5573228355322639,0.07848442598709571,0.3179036307596798
204,0.44326772767343364,0.10107635637618805,0.2721720420248108
205,0.37091865880481956,0.13003651413665682,0.2504775864707382
206,0.48824181437795655,0.16835184378493326,0.3282968290814449
207,0.43468243660021,0.2210071347032153,0.32784478565171266
208,0.6051561374563829,0.2955139407039237,0.45033503908015327
209,0.5857304322779184,0.4055354366483589,0.49563293446313866
210,0.5065892452228827,0.5451257277688162,0.5258574864958494
211,0.5307674388180114,0.5795551087865719,0.5551612738022916
212,0.6310477165953388,0.45222780064839047,0.5416377586218646
213,0.46040020842799956,0.3286488388606117,0.3945245236443056
214,0.3742691785833262,0.2430100135995052,0.30863959609141567
215,0.560949248135454,0.18393831575691408,0.37244378194618405
216,0.44165264208050153,0.1415434507548316,0.29159804641766657
217,0.4332250834235509,0.10987984982549633,0.27155246662452365
218,0.6319096825321994,0.08542031437336219,0.35866499845278077
219,0.6215989764744612,0.07636556958577718,0.3489822730301192
220,0.44156070736335523,0.09186635596307348,0.2667135316632144
221,0.5333995251169505,0.10825044116604562,0.3208249831414981
222,0.41199958193116526,0.12444830424295987,0.26822394308706254
223,0.48352087406561295,0.13860986630288,0.31106537018424646
224,0.22681816040083475,0.14826970558851435,0.18754393299467453
225,0.45279636636586085,0.1511912979653916,0.30199383216562625
226,0.2284202627371418,0.14659836863818546,0.18750931568766363
227,0.39082244740082345,0.1345072161433,0.26266483177206174
228,0.26858564502730026,0.11456448938049477,0.1915750672038975
229,0.36760938984033054,0.058634407016414904,0.21312189842837273
230,0.44488667343551613,0.07404789331480052,0.25946728337515834
231,0.5550351783994194,0.09470190092685243,0.3248685396631359
232,0.5519051007167333,0.12045031299402892,0.33617770685538106
233,0.465568417492283,0.15309662352787337,0.3093325205100782
234,0.40599249710421526,0.1949748299527957,0.3004836635285055
235,0.4224971499882537,0.24824117056194256,0.3353691602750981
236,0.625636217399364,0.31110131237087385,0.4683687648851189
237,0.6727374965128007,0.36641745774113266,0.5195774771269667
238,0.500781899026577,0.37658789415113875,0.4386848965888579
239,0.3580203871527243,0.3319256202202468,0.34497300368648554
240,0.42594852187439225,0.26844494456866086,0.34719673322152655
241,0.621508555111813,0.2113600059525397,0.41643428053217635
242,0.5811800104434324,0.16586998490969265,0.3735249976765625
243,0.42822404168392214,0.13043294942409617,0.2793284955540092
244,0.43724672906635215,0.10261967097028574,0.26993320001831894
245,0.5580387995641857,0.0804380944659781,0.31923844701508186
246,0.5631036191795005,0.06351727763616502,0.31331044840783273
247,0.42585933533572057,0.07550247167932826,0.2506809035075244
248,0.4576249033112059,0.08760016639485574,0.27261253485303083
249,0.5600813701550345,0.09897142670613619,0.32952639843058534
250,0.519880121798936,0.10842844405688438,0.31415428292791014
251,0.41047838156594496,0.114619507526962,0.2625489445464535
252,0.17828594868034084,0.11645060663777286,0.14736827765905686
253,0.32545312084096834,0.11356337425388403,0.21950824754742618
254,0.34716385898362023,0.10651545961387059,0.22683965929874542
255,0.29632989898972184,0.09911185814484427,0.19772087856728304
256,0.38851569753765514,0.05584806403823391,0.2221818807879445
257,0.37157791612963986,0.06814913100368393,0.2198635235666619
258,0.5559675285069957,0.08586926525798963,0.3209183968824927
259,0.5898025921046448,0.10766720381522535,0.34873489795993506
260,0.5680888926378451,0.1338939148006504,0.35099140371924775
261,0.5225916287214492,0.1650377546692684,0.3438146916953588
262,0.37920671858224064,0.20036506410170044,0.2897858913419705
263,0.6594653681396784,0.23582939430009617,0.4476473812198873
264,0.6303384732869831,0.2617293755756442,0.4460339244313136
265,0.35874989852890604,0.2659863594417067,0.31236812898530636
266,0.44896161754768066,0.2461398122986999,0.3475507149231903
267,0.5935959679359318,0.2124908017649267,0.4030433848504293
268,0.7175186523331619,0.17642274657767176,0.44697069945541684
269,0.5411665196400985,0.14369914353533908,0.3424328315877188
270,0.5563505894799442,0.11586002886950314,0.3361053091747237
271,0.5857536729711338,0.09267134549278,0.3392125092319569
272,0.5990909081801085,0.07340419472312706,0.3362475514516178
273,0.4675530242736781,0.05730853542983293,0.2624307798517555
274,0.27797763841612666,0.060902659733197535,0.1694401490746621
275,0.49133769765309687,0.06995845997757459,0.2806480788153357
276,0.46118964060894985,0.07815440898778715,0.2696720247983685
277,0.40039212411391856,0.08473472843677304,0.2425634262753458
278,0.32982715392519507,0.08892595641186947,0.20937655516853226
279,0.38036451802681737,0.09014787438931428,0.23525619620806582
280,0.32210220507340365,0.0882175094388065,0.20515985725610508
281,0.3180259058608668,0.08342100251242772,0.20072345418664728
282,0.32423720894061325,0.08058001364373257,0.2024086112921729
283,0.6058712302729814,0.05180050786042383,0.3288358690667026
284,0.6083852751774439,0.060214094945204265,0.33429968506132407
285,0.6368948992361138,0.07563262697605362,0.3562637631060837
286,0.6015524807851914,0.09349141860050969,0.34752194969285055
287,0.5799562899071732,0.11387431907404677,0.34691530449061
288,0.6381770273141767,0.13642765859845163,0.38730234295631416
289,0.49402035657094395,0.15977156221447608,0.32689595939271
290,0.64993026015925,0.1808058360606406,0.4153680481099453
291,0.5042647323108171,0.1946829278653259,0.34947383008807154
292,0.5207506780753972,0.19684721534153785,0.3587989467084675
293,0.4422810684205515,0.18647754823231094,0.31437930832643124
294,0.7932378414724234,0.1672321482510794,0.48023499486175136
295,0.46610202980275006,0.14421241983734612,0.3051572248200481
296,0.7625880830409988,0.12117170488490034,0.4418798939629496
297,0.6964191974954465,0.09999145624407801,0.39820532686976223
298,0.4886854857249867,0.08129166114293379,0.2849885734339602
299,0.43993709890888993,0.065066931133046,0.252502015020968
300,0.5358481910964912,0.05106691394262238,0.2934575525195568
301,0.4389480892953881,0.04803515242318255,0.24349162085928533
302,0.3927684548273929,0.05492355399017141,0.22384600440878216
303,0.494707064728095,0.06098198120195938,0.2778445229650272
304,0.6065484960521433,0.06572376242538798,0.3361361292387657
305,0.41343622284214987,0.06868676960750505,0.24106149622482748
306,0.3050208907391657,0.06954220524727188,0.1872815479932188
307,0.3723963009362899,0.07095715005784294,0.2216767254970664
308,0.453694213603858,0.07250205569334438,0.26309813464860116
309,0.2709557741974335,0.0824204076385417,0.1766880909179876
310,0.43519926371527107,0.04902589376290265,0.24211257873908687
311,0.479784786955489,0.05285811778346684,0.2663214523694779
312,0.5822910693858123,0.06488673467959079,0.3235889020327016
313,0.5311803163611802,0.07924907404344647,0.30521469520231337
314,0.5940249973359636,0.09487580937391642,0.34445040335494
315,0.5411954680015805,0.11117856836027144,0.32618701818092594
316,0.6794203562130439,0.12693476582089946,0.40317756101697166
317,0.600037259520389,0.14015289449880128,0.37009507700959515
318,0.5304218398978748,0.14836926495933683,0.33939555242860586
319,0.551774407062639,0.1496149534132785,0.35069468023795874
320,0.4738269865817866,0.14355909990115767,0.3086930432414722
321,0.627936392565573,0.13172906560099273,0.37983272908328286
322,0.5580284909717999,0.1165600592622864,0.33729427511704313
323,0.7116508600695596,0.10026579680065469,0.40595832843510715
324,0.6191071943219685,0.08432265955534514,0.3517149269386568
325,0.6158435934584933,0.06950380055928874,0.342673697008891
326,0.5419248967572831,0.05610738415689469,0.29901614045708885
327,0.5544654415790435,0.044166844849975725,0.2993161432145096
328,0.5323069954010153,0.03674355566772043,0.2845252755343679
329,0.3970802551501169,0.04206988418976669,0.2195750696699418
330,0.5244426438185243,0.046652759486192526,0.28554770165235843
331,0.5021715391687098,0.05017250963404545,0.2761720244013776
332,0.3926513485646981,0.05234175254414805,0.22249655055442308
333,0.37095663751288555,0.05296544178413448,0.21196103964851
334,0.4018875966694868,0.05704824519624844,0.22946792093286764
335,0.4431901197496971,0.04951866083312441,0.24635439029141074
336,0.4780865892562733,0.05550950005394733,0.2667980446551103
337,0.5524668759063078,0.06572338918920405,0.30909513254775595
338,0.6148953081262357,0.07769140997780333,0.3462933590520195
339,0.6256001177413921,0.08960430772483183,0.357602212733112
340,0.6493179859641444,0.1005512219255108,0.3749346039448276
341,0.6937975662479818,0.10930172211327395,0.4015496441806279
342,0.584876057926268,0.11454190217794838,0.34970898005210815
343,0.6210774191013311,0.11532307900417388,0.3682002490527525
344,0.6718258363880576,0.11149260110326838,0.391659218745663
345,0.5990933041614067,0.10377079723237888,0.3514320506968928
346,0.5080792926210815,0.09340617716810938,0.30074273489459546
347,0.6980691221850893,0.08169544769565559,0.38988228494037247
348,0.48757036534853826,0.06966711788161407,0.27861874161507616
349,0.5499692529934676,0.05820846043067961,0.3040888567120736
350,0.5291551974580946,0.05040780011809193,0.28978149878809323
351,0.5669364977280866,0.038833054858555344,0.302884776293321
352,0.5697523500514824,0.02933239774152185,0.2995423738965021
353,0.411084064923174,0.03316814800972693,0.22212610646645048
354,0.4045473548351037,0.03473540104880939,0.21964137794195654
355,0.4100807107542064,0.03723630352842517,0.22365850714131577
356,0.4414199187236781,0.03887070977431755,0.24014531424899782
357,0.35147699427386275,0.050198565800820646,0.2008377800373417
358,0.37555478854824753,0.059231611748407534,0.21739320014832753
359,0.4644098213533558,0.04015915292672589,0.2522844871400408
360,0.4521399336562151,0.0443466703034739,0.24824330197984448
361,0.6608511018254836,0.053284561870092804,0.3570678318477882
362,0.5318546581288621,0.0625079139485999,0.297181286038731
363,0.5659373898876339,0.07135605460976194,0.3186467222486979
364,0.5854475966527151,0.07918893757746148,0.3323182671150883
365,0.591678477152622,0.08524311380321015,0.3384607954779161
366,0.49349315618081274,0.08878018776118453,0.29113667197099863
367,0.651281173878643,0.08930179677772872,0.3702914853281859
368,0.6360144658700435,0.08673000150169419,0.36137223368586885
369,0.48710669580076954,0.08143790913754909,0.2842723024691593
370,0.6989421278175182,0.07410893421857509,0.38652553101804665
371,0.49595139594310317,0.06551924070944083,0.280735318326272
372,0.6965699213147438,0.05636040125610666,0.37646516128542523
373,0.5451003890383108,0.05150780642103584,0.2983040977296733
374,0.5292839663804744,0.018736916740444552,0.27401044156045945
375,0.4915498661387901,0.017523597037510486,0.25453673158815027
376,0.5052524955934715,0.024628778373265048,0.2649406369833683
377,0.39720038820564885,0.028248323879456222,0.21272435604255252
378,0.26383557348459363,0.03969900186686755,0.15176728767573058
379,0.3705225429296844,0.049583043291081444,0.2100527931103829
380,0.5816717919692009,0.03534315340480098,0.30850747268700096
381,0.5566509495716592,0.04204619356050152,0.29934857156608036
382,0.7286948140966985,0.049225907337306495,0.38896036071700246
383,0.4911868457386642,0.05591692381860665,0.27355188477863546
384,0.4784780467293095,0.0616769219386741,0.2700774843339918
385,0.5758988811123087,0.06602277628170755,0.32096082869700815
386,0.9527694791731398,0.06851870840979817,0.510644093791469
387,0.6208585610149582,0.06888408648359193,0.34487132374927504
388,0.8693930994821208,0.06707587500930687,0.46823448724571387
389,0.6577655619783376,0.06330213993773837,0.36053385095803797
390,0.5342492509205148,0.05795886366182004,0.2961040572911674
391,0.5179723678263103,0.051524887885019424,0.28474862785566485
392,0.4902120288835958,0.04446350455828832,0.26733776672094206
393,0.6445517495125093,0.04033167174555121,0.3424417106290302
394,0.578121100001278,0.018149279154083084,0.29813518957768054
395,0.5490457412962976,0.01595101434392073,0.28249837782010917
396,0.578855379125045,0.012840075286150388,0.2958477272055977
397,0.4789765907813027,0.020951162982231,0.24996387688176686
398,0.30660438842529436,0.028398657847540046,0.1675015231364172
399,0.3609942978589634,0.03951508327100594,0.20025469056498468
400,0.3054501943471677,0.04980035580140478,0.17762527507428624
401,0.6277908911403787,0.02679589992690326,0.32729339553364095
402,0.6673202869607759,0.031983406513903356,0.3496518467373396
403,0.5554369891216098,0.03763794524017292,0.29653746718089136
404,0.5727919666062846,0.04278859047621491,0.30779027854124974
405,0.7140283780127571,0.04712919816615443,0.3805787880894558
406,0.6675731078947846,0.05034637433953179,0.3589597411171582
407,0.6332167509871438,0.0521714749985531,0.34269411299284847
408,0.7152271831835035,0.052437262290284885,0.3838322227368942
409,0.5920069295838593,0.05111844784056552,0.3215626887122124
410,0.6321143468359643,0.048338163244896516,0.3402262550404304
411,0.5155459051636179,0.04433729128269574,0.2799415982231568
412,0.4519462589629052,0.03942071579771795,0.24568348738031157
413,0.71980683050373,0.03390182683682892,0.37685432867027946
414,0.6162110007675049,0.030683655233329846,0.32344732800041737
415,0.42235813660740495,0.015087668879850628,0.2187229027436278
416,0.3451168752790329,0.01063601834064956,0.17787644680984122
417,0.33955938784744966,0.009139397086951561,0.1743493924672006
418,0.3803217774764568,0.01719660635134871,0.19875919191390276
419,0.4534021617848111,0.02743379966080005,0.24041798072280557
420,0.48485680249393615,0.038134779139312354,0.2614957908166243
421,0.41037077092239876,0.04974853399723579,0.23005965245981727
422,0.5666173539883488,0.01919295219750635,0.2929051530929276
423,0.5305956300847001,0.023245745431102725,0.2769206877579014
424,0.6548162072666284,0.028561599766466144,0.34168890351654724
425,0.5224411347074287,0.03185601681213238,0.2771485757597805
426,0.7081534277305338,0.034888707184107866,0.37152106745732083
427,0.7443639891452888,0.03733295749371984,0.39084847331950434
428,0.7320634727660333,0.03870697317443315,0.38538522297023325
429,0.6444195926864682,0.0389063057521271,0.34166294921929763
430,0.603080888318375,0.037915324650872516,0.3204981064846238
431,0.44343485800343185,0.03581053577394238,0.23962269688868712
432,0.7353599878479495,0.03274469843240268,0.3840523431401761
433,0.6373545014722436,0.028917874826618686,0.33313618814943113
434,0.8644988609112934,0.02454533406586647,0.4445220974885799
435,0.4710035372136359,0.019402248675689807,0.24520289294466285
436,0.4409311924671262,0.00634899465945693,0.22364009356329156
437,0.5689805322817578,0.009477805314752742,0.2892291687982553
438,0.43546602141870827,0.016069401918593008,0.22576771166865064
439,0.2821920634361609,0.02512804864596949,0.1536600560410652
440,0.3872725239715321,0.03566432571490192,0.211468424843217
441,0.36292572214741203,0.04719635305850555,0.2050610376029588
442,0.28638033047073974,0.059630655721838864,0.1730054930962893
443,0.3384128656311571,0.07248581739452072,0.2054493415128389
444,0.3486066278155408,0.015468288367579467,0.18203745809156013
445,0.43032970986654884,0.015064473359952367,0.2226970916132506
446,0.6143017169291425,0.014605962456852969,0.3144538396929977
447,0.5358585283679649,0.021846468702307588,0.2788524985351362
448,0.4806589066758212,0.024467766198346792,0.252563336437084
449,0.7757968925160147,0.026366210829195456,0.40108155167260506
450,0.6294428468063376,0.02742601195460428,0.3284344293804709
451,0.6575889403002014,0.027579316993478695,0.34258412864684007
452,0.7998627249537038,0.026816051718614592,0.4133393883361592
453,0.5524362565760946,0.025185721847517127,0.28881098921180587
454,0.629129810289336,0.022788725967243424,0.32595926812828974
455,0.5685851161581846,0.019760039517777248,0.29417257783798095
456,0.5734532585487708,0.01625012616772812,0.2948516923582495
457,0.7250501175181162,0.01360930249095732,0.36932971000453674
458,0.4517287466188669,0.010473564666279281,0.2311011556425731
459,0.4581208694673362,0.014850555369832706,0.23648571241858446
460,0.3842442274241741,0.023150165164050673,0.20369719629411237
461,0.4947592738107507,0.03265682149463019,0.26370804765269046
462,0.3496183754433029,0.045193903251388966,0.1974061393473459
463,0.36738075267018844,0.05678633233646922,0.21208354250332884
464,0.3303469085645054,0.06752999255965164,0.1989384505620785
465,0.5298492080490964,0.01120520085706509,0.27052720445308076
466,0.6289219093889443,0.013407773888354893,0.3211648416386496
467,0.6473125734186541,0.01550112064295757,0.33140684703080586
468,0.5400320082463331,0.017003817840318163,0.2785179130433256
469,0.7522137903723336,0.017838167180834245,0.3850259787765839
470,0.6532624021853646,0.01795859020032815,0.3356104961928464
471,0.7269612256120646,0.01735836111084743,0.372159793361456
472,0.7536856433646648,0.016070633052170852,0.3848781382084178
473,0.5648435214659133,0.016629962064912594,0.290736741765413
474,0.5978206051314715,0.016951001901026986,0.3073858035162492
475,0.6506360573211822,0.016568671538897812,0.33360236443004004
476,0.5507556900139056,0.016294832956296086,0.2835252614851008
477,0.5528779590685238,0.01703669205573376,0.28495732556212877
478,0.48493520199321427,0.009865150315753581,0.24740017615448393
479,0.5796291283881752,0.009102061274653723,0.29436559483141445
480,0.3527102741806991,0.04653772091908091,0.19962399754989002
481,0.34929869723171475,0.050517445236523226,0.199908071234119
482,0.5418424514532098,0.0,0.2709212257266049
483,0.48311282587005827,0.0035283864328860813,0.24332060615147216
484,0.6587376771403401,0.006016471298242898,0.3323770742192915
485,0.36767181543278626,0.00913264798904327,0.18840223171091477
486,0.684374716448534,0.013023900040113933,0.34869930824432394
487,0.5366418566803736,0.016668106874716246,0.2766549817775449
488,0.4403903855151331,0.01992893148081043,0.23015965849797176
489,0.5544497041330365,0.022660952622243456,0.28855532837764
490,0.6066530775607575,0.024723496777520535,0.315688287169139
491,0.5022442898325725,0.025998029709612163,0.26412115977109235
492,0.7018579801420718,0.02640567785985874,0.36413182900096525
493,0.3604508460684389,0.025920274216551947,0.19318556014249544
494,0.5980650473336692,0.02457292460810035,0.31131898597088475
495,0.4214507771616154,0.022801164290798887,0.22212597072620713
496,0.34881230557775744,0.02097148261183413,0.18489189409479578
497,0.5140579310370641,0.016495719285081308,0.2652768251610727
498,0.4359094417917274,0.013094933616247112,0.22450218770398728
499,0.38363970636911693,0.0103684227156844,0.19700406454240066
500,0.47361146560340756,0.014949776007564766,0.24428062080548615
501,0.3634350477437331,0.02362290382551923,0.19352897578462616
502,0.38888754530812675,0.03228982743969907,0.2105886863739129
503,0.38547947268166005,0.03931866636432102,0.21239906952299054
504,0.5063111601448038,0.00013506984814479892,0.2532231149964743
505,0.4701516050171765,0.0018227974650269708,0.23598720124110173
506,0.6298637175118936,0.0063689381848623635,0.318116327848378
507,0.4564681804146077,0.01114352330162743,0.23380585185811756
508,0.33641457675002323,0.015950307313098926,0.17618244203156108
509,0.47269644756774654,0.02067426612237845,0.2466853568450625
510,0.6174497855341524,0.0251658842357765,0.32130783488496445
511,0.39803861367332743,0.029243893127465153,0.2136412534003963
512,0.7524565449639551,0.032705854075238905,0.392581199519597
513,0.6030493555871972,0.035348111813812005,0.3191987337005046
514,0.630386633753381,0.03699363350719515,0.3336901336302881
515,0.6296112636727722,0.037522041443850566,0.33356665255831136
516,0.6806459746765623,0.036892960605904274,0.3587694676412333
517,0.5795559587704455,0.035154362239713396,0.30735516050507944
518,0.41354131687597045,0.03243267899186214,0.2229869979339163
519,0.48493703821558165,0.028908497954368798,0.2569227680849752
520,0.5573269927625241,0.024786392439108268,0.2910566926008162
521,0.4300630369427634,0.020267608198823183,0.22516532257079327
522,0.3797519506042772,0.015530926722540314,0.19764143866340875
523,0.504864576366076,0.01148021687110213,0.25817239661858904
524,0.3427375387470969,0.01913915320580486,0.18093834597645087
525,0.2934140183669224,0.027100132202472746,0.16025707528469757
526,0.2812302671795165,0.03353597785436764,0.15738312251694206
527,0.43570127112072493,0.0005567786082035372,0.21812902486446423
528,0.5257467213771748,0.0023067018389829937,0.2640267116080789
529,0.3770786889578195,0.0065930343201907595,0.19183586163900512
530,0.6306945664692765,0.012013701777563932,0.3213541341234202
531,0.4936630412213277,0.017655776192896246,0.25565940870711196
532,0.3027068445286302,0.02343258138761712,0.16306971295812367
533,0.47341933660189994,0.029212044619802185,0.2513156906108511
534,0.6083380789635939,0.034808710116973424,0.32157339454028366
535,0.3825546081745216,0.03998216388745027,0.2112683860309859
536,0.4748985357741621,0.04444765946855465,0.2596730976213584
537,0.5995478614929611,0.047903956361687615,0.3237259089273244
538,0.5236081867875655,0.05007842185307636,0.2868433043203209
539,0.7221182592321671,0.05078036129005129,0.3864493102611092
540,0.49109623866615537,0.04994489206513056,0.27052056536564295
541,0.43689062642476895,0.04764905275631871,0.24226983959054382
542,0.6164502071082189,0.04409274169738677,0.3302714744028028
543,0.39132446989307246,0.03955321068406719,0.21543884028856983
544,0.32201689557350965,0.03433184019323634,0.17817436788337299
545,0.47433724960308365,0.028710336789212653,0.25152379319614815
546,0.5775084581382782,0.02292450937028971,0.30021648375428395
547,0.3392592971366557,0.01830339717049302,0.17878134715357435
548,0.2885622259793421,0.024957789133645873,0.156760007556494
549,0.39849169156384423,0.032531889712263354,0.21551179063805379
550,0.4326646389163671,0.0027579833593103643,0.21771131113783873
551,0.37662873751122455,0.005765098366125444,0.191196917938675
552,0.5242633017606916,0.011658428918396932,0.2679608653395443
553,0.5376890264496036,0.01796156670279379,0.2778252965761987
554,0.25845508026568154,0.02463795063612645,0.141546515450904
555,0.6309888169220537,0.03160741020328319,0.3312981135626684
556,0.4403827916691391,0.038728134369300754,0.23955546301921993
557,0.375969694585615,0.04577808566631663,0.21087389012596583
558,0.44417691104325197,0.05244246047154638,0.24830968575739917
559,0.5294325872230988,0.05831848185520277,0.2938755345391508
560,0.6689951000080337,0.0628365764485339,0.36591583822828383
561,0.5399110260206824,0.0636533351459102,0.3017821805832963
562,0.714170125663542,0.06530392984494468,0.38973702775424335
563,0.5743176821001432,0.06572289452574022,0.3200202883129417
564,0.4100405500231725,0.06260666141802841,0.23632360572060046
565,0.31274857212171836,0.05784705144989447,0.18529781178580643
566,0.2833646741508385,0.05188419690282247,0.16762443552683048
567,0.534700921146644,0.045171116463674575,0.2899360188051593
568,0.2791728444235934,0.03810377613455633,0.15863831027907488
569,0.3738927383873891,0.030988704682455067,0.2024407215349221
570,0.4602035871940604,0.025241457884878707,0.24272252253946955
571,0.412279709111244,0.004600662654562726,0.20844018588290336
572,0.537744809901721,0.01011273778486476,0.2739287738432929
573,0.42793198630911417,0.016834123038102538,0.22238305467360836
574,0.3379794968703573,0.024144954401375148,0.18106222563586621
575,0.4620186524949031,0.03203990977791691,0.24702928113641
576,0.39595937854658003,0.040464724168871986,0.218212051357726
577,0.5355209658358414,0.04918645066358485,0.29235370824971313
578,0.5015384644375818,0.05825876852638205,0.2798986164819819
579,0.4488081119757689,0.0669814220300857,0.2578947670029273
580,0.34727930666333967,0.07488752386380908,0.21108341526357438
581,0.5444968974433003,0.07853576207010891,0.3115163297567046
582,0.5705728017579222,0.08380164775553134,0.3271872247567268
583,0.49644908886562744,0.08497302562607811,0.2907110572458528
584,0.4430818762933716,0.0807962357220335,0.26193905600770256
585,0.49451656630148344,0.07424529831940857,0.28438093231044603
586,0.34897910026283796,0.06624111301819628,0.20761010664051713
587,0.5000432261646306,0.05747637970222021,0.2787598029334254
588,0.407636193477839,0.04850405225744933,0.22807012286764416
589,0.3940020680231521,0.039708745785247704,0.21685540690419988
590,0.2955637797568751,0.03325618566074005,0.16440998270880758
591,0.4419031431284798,0.007785288012951691,0.22484421557071574
592,0.42833035891968935,0.014394874564371538,0.22136261674203045
593,0.6495657684637219,0.022013986314241157,0.33578987738898153
594,0.5273672583976924,0.030449855950239718,0.27890855717396607
595,0.3666297886865364,0.03887557964828928,0.20275268416741282
596,0.5156769750696064,0.04674931549739123,0.28121314528349883
597,0.5916475264047847,0.0589050970856008,0.3252763117451927
598,0.32028947330975216,0.0678186514983408,0.1940540624040465
599,0.43985138210581404,0.08089448640434166,0.26037293425507785
600,0.48003345975346867,0.08675890770922101,0.28339618373134484
601,0.5861178157634885,0.09265571344254962,0.3393867646030191
602,0.46931737236742804,0.10162483206375715,0.2854711022155926
603,0.4443911041641624,0.10322975959959128,0.2738104318818768
604,0.5900273078027584,0.09399828390776394,0.3420127958552611
605,0.5328735108892086,0.08299815455671851,0.3079358327229636
606,0.4019117941345133,0.07137798015048857,0.23664488714250093
607,0.2861856163026785,0.05959578944888553,0.17289070287578204
608,0.5004981404210637,0.04879808621621448,0.2746481133186391
609,0.3887121558932767,0.04041459298922915,0.21456337444125292
610,0.43918994904530967,0.01128140544814403,0.22523567724672686
611,0.5506119711890763,0.01849168055052753,0.28455182586980193
612,0.4952317078281797,0.027051605284752468,0.2611416565564661
613,0.37356197428981397,0.03670308416806248,0.2051325292289382
614,0.518084755261855,0.044015250477998855,0.28105000286992693
615,0.38724379073081266,0.12893806699390184,0.25809092886235724
616,0.3855420083751032,0.11798718329656283,0.251764595835833
617,0.29362412123488224,0.10249883389627708,0.19806147756557965
618,0.31873082891996163,0.08939402384541452,0.20406242638268807
619,0.43895779210571173,0.015151060194913815,0.22705442615031277
620,0.4724925943522895,0.022258256455000326,0.24737542540364493
621,0.25917578533027685,0.03175884301839626,0.14546731417433656
622,0.4902802177086786,0.04266354010262587,0.2664718789056522
623,0.4433008617699348,0.05182323788011343,0.2475620498250241
624,0.48256953035149064,0.16456677358957478,0.3235681519705327
625,0.41020236328349957,0.14717210383982693,0.27868723356166325
626,0.39404320959413697,0.12487974713730024,0.2594614783657186
627,0.4463300046020231,0.10811211931950705,0.27722106196076507
628,0.31229060129488234,0.019075460729662576,0.16568303101227247
629,0.36701392861022836,0.025531577958681672,0.196272753284455
630,0.33707953624942005,0.03551015196163228,0.18629484410552616
631,0.4068651049206511,0.048031642157728496,0.22744837353918979
632,0.4248840254393921,0.05669524748843546,0.24078963646391377
633,0.29916650210241785,0.1875509055508174,0.24335870382661762
634,0.39283624940668527,0.1688052592452868,0.280820754325986
635,0.4754317606926248,0.1457951258980301,0.3106134432953275
636,0.4176159525775385,0.12601565133042444,0.2718158019539815
637,0.46809378833888826,0.02230094497925523,0.24519736665907174
638,0.32935484939855714,0.026175453074137527,0.17776515123634734
639,0.2841729456030974,0.033282161287378854,0.15872755344523815
640,0.40113576950548047,0.05207976703905122,0.22660776827226584
641,0.5436966026736058,0.0577619504452503,0.30072927655942805
