grid_id,pm25,pm10,no2,timestamp
1,52.161725134396306,90.83154881153602,47.23478602152846,2026-04-08 00:22:14
2,49.93852159369101,86.96018488702516,45.221575314694064,2026-04-08 00:22:14
3,51.587836537527835,89.83221088771285,46.71510410910255,2026-04-08 00:22:14
4,51.365758043175056,89.44549565642355,46.51400205326161,2026-04-08 00:22:14
5,52.78998324128996,91.92556279890937,47.80370196840237,2026-04-08 00:22:14
6,50.374939677552646,87.72013924789762,45.61677150028833,2026-04-08 00:22:14
7,51.29089454800188,89.31513249840866,46.446209794354964,2026-04-08 00:22:14
8,50.83327171732865,88.51825336194469,46.031811757677254,2026-04-08 00:22:14
9,43.940776495236044,76.51604264928649,39.79034761646793,2026-04-08 00:22:14
10,49.875147013273086,86.84982789097472,45.16418678435823,2026-04-08 00:22:14
11,48.2905388451827,84.09047869774513,43.7292528830184,2026-04-08 00:22:14
12,50.15502595024381,87.33719362244308,45.41762973828054,2026-04-08 00:22:14
13,49.6976223200575,86.54069618960712,45.003430197493614,2026-04-08 00:22:14
14,43.93003822002133,76.4973436095825,39.78062362573142,2026-04-08 00:22:14
15,53.07226421894335,111.6227898680916,24.87336538949969,2026-04-08 00:22:14
16,62.79507563882878,132.07202737512029,29.43015309432291,2026-04-08 00:22:14
17,61.27472514409363,128.87439173064183,28.71761079125388,2026-04-08 00:22:14
18,45.64609466931561,79.48558958372955,41.334589852393435,2026-04-08 00:22:14
19,49.89701499957832,86.88790759520948,45.18398922860615,2026-04-08 00:22:14
20,45.07121918882471,78.48453315524245,40.81401427250133,2026-04-08 00:22:14
21,46.984079165182834,81.81548192782502,42.54619493638128,2026-04-08 00:22:14
22,44.45006494848557,77.40288944895228,40.2515311960082,2026-04-08 00:22:14
23,53.76115216600399,113.07167462341665,25.196226339033956,2026-04-08 00:22:14
24,62.48291425211251,131.41548246626513,29.283852491803763,2026-04-08 00:22:14
25,55.055803725776215,115.79461514867262,25.80299037618627,2026-04-08 00:22:14
26,57.41251803737192,120.75131014282505,26.907511109448293,2026-04-08 00:22:14
27,63.65848750767233,133.88797480121747,29.834808128575453,2026-04-08 00:22:14
28,55.15359546635196,116.00029295552271,25.848822407873875,2026-04-08 00:22:14
29,44.70045313870674,77.83890162192601,40.478268953567834,2026-04-08 00:22:14
30,48.97976592619009,85.29066069114076,44.353378975622626,2026-04-08 00:22:14
31,49.71868219749309,86.57736869766407,45.02250086284731,2026-04-08 00:22:14
32,49.21707010648259,85.7038890914646,44.56826857425553,2026-04-08 00:22:14
33,48.00265522346904,83.58917405012556,43.46856132736697,2026-04-08 00:22:14
34,45.74533177199464,79.6583955964272,41.42445350813649,2026-04-08 00:22:14
35,59.34293597037349,124.81140892444284,27.812239620821135,2026-04-08 00:22:14
36,60.95023294511034,128.19191237774442,28.565531109896085,2026-04-08 00:22:14
37,59.539052862159494,125.22388641948814,27.904153677630962,2026-04-08 00:22:14
38,62.43452008548255,131.31369875735285,29.26117160929343,2026-04-08 00:22:14
39,61.59826739958631,129.55487314084363,28.86924526282293,2026-04-08 00:22:14
40,62.290923433038216,131.01168302093296,29.19387220050578,2026-04-08 00:22:14
41,58.60195082648891,123.25295216311093,27.464962290500385,2026-04-08 00:22:14
42,48.408025467844865,84.29506341716429,43.83564229915716,2026-04-08 00:22:14
43,47.4812133135882,82.68116389195521,42.996372246725606,2026-04-08 00:22:14
44,60.885637885373484,128.05605458298783,28.53525735868466,2026-04-08 00:22:14
45,62.092154422583,130.59362752974832,29.100715175872992,2026-04-08 00:22:14
46,56.56267570135433,118.96390246594586,26.509215704902758,2026-04-08 00:22:14
47,57.47294006199855,120.87839111548675,26.935829085291783,2026-04-08 00:22:14
48,58.01940940710157,122.02773783689564,27.191942742678506,2026-04-08 00:22:14
49,58.55932726351124,123.16330531868655,27.444985915424844,2026-04-08 00:22:14
50,64.32063694833188,135.2806225234082,30.14513754870408,2026-04-08 00:22:14
51,47.38265918558894,82.50954717366459,42.90712705524489,2026-04-08 00:22:14
52,48.294271098213784,84.09697783715234,43.73263260584863,2026-04-08 00:22:14
53,55.7978978495692,117.35540434170132,26.150787451855695,2026-04-08 00:22:14
54,58.85964667851466,123.79494392404058,27.585736543891045,2026-04-08 00:22:14
55,63.38243677438547,133.30737863770173,29.70543149737017,2026-04-08 00:22:14
56,56.5626205785722,118.96378653046021,26.509189870521627,2026-04-08 00:22:14
57,53.572457452727484,112.67480762255927,25.10779083285259,2026-04-08 00:22:14
58,55.008878034765296,115.69591997098964,25.780997723793405,2026-04-08 00:22:14
59,55.016878011571215,115.71274570365995,25.784747071011385,2026-04-08 00:22:14
60,60.28994047633056,126.80317028093027,28.256071996334615,2026-04-08 00:22:14
61,48.501252495964074,84.45740381778077,43.92006356232068,2026-04-08 00:22:14
62,48.42845159863684,84.330632353799,43.85413907844735,2026-04-08 00:22:14
63,54.41613446882783,114.4492482587493,25.503196738385753,2026-04-08 00:22:14
64,55.15952522754623,116.01276456376287,25.851601507635838,2026-04-08 00:22:14
65,64.42114706930167,135.49201768956019,30.19224360308138,2026-04-08 00:22:14
66,61.23442650855863,128.78963472634788,28.698724039367335,2026-04-08 00:22:14
67,63.15412981261409,132.82719825734154,29.59843092815234,2026-04-08 00:22:14
68,57.5327049733209,121.00409003254254,26.96383909199998,2026-04-08 00:22:14
69,59.687560214682144,125.53623045169519,27.973754583050873,2026-04-08 00:22:14
70,58.20472983456312,122.41750796329288,27.278796823133288,2026-04-08 00:22:14
71,49.672174900870175,86.49638345853687,44.98038641592741,2026-04-08 00:22:14
72,51.92133481450119,90.41294637806368,47.017101784808204,2026-04-08 00:22:14
73,56.69788018584007,119.24826760436761,26.572581958338624,2026-04-08 00:22:14
74,55.54815189253573,116.83013298023558,26.033739073851375,2026-04-08 00:22:14
75,56.60168197977413,119.04594135544241,26.52749676808894,2026-04-08 00:22:14
76,62.86317739851745,132.215260540753,29.462070329762803,2026-04-08 00:22:14
77,64.2761898423581,135.18714036199353,30.12430653416829,2026-04-08 00:22:14
78,55.65303936593075,117.05073469329363,26.08289666094382,2026-04-08 00:22:14
79,59.84941267992346,125.87664222766038,28.04960993925973,2026-04-08 00:22:14
80,45.915350730098,79.9544572249884,41.57841331458313,2026-04-08 00:22:14
81,45.01380171745586,78.38454954005647,40.76202017209501,2026-04-08 00:22:14
82,47.597220349258436,82.88317214026014,43.101421830357225,2026-04-08 00:22:14
83,44.29422925514516,77.13152577473026,40.11041497313626,2026-04-08 00:22:14
84,56.64128074453302,119.12922637564586,26.546055511706083,2026-04-08 00:22:14
85,57.0734653108595,120.03820675817255,26.748607349132758,2026-04-08 00:22:14
86,59.988640724789384,126.16946980953445,28.11486191377752,2026-04-08 00:22:14
87,57.721360907445906,121.40087547220892,27.05225642356568,2026-04-08 00:22:14
88,60.56669227357299,127.38524093805859,28.385777195016427,2026-04-08 00:22:14
89,61.15478583764843,128.62213266091334,28.661398865162557,2026-04-08 00:22:14
90,60.36777268163395,126.96686874048177,28.292549597395602,2026-04-08 00:22:14
91,44.48682602590602,77.46690315995355,40.2848200034892,2026-04-08 00:22:14
92,49.92762190640861,86.94120477325649,45.21170515807714,2026-04-08 00:22:14
93,47.23882151264084,82.25907618986064,42.77687557897503,2026-04-08 00:22:14
94,51.9445598407818,90.4533891568027,47.03813308973307,2026-04-08 00:22:14
95,62.63933186496217,131.74446353740916,29.357160697040925,2026-04-08 00:22:14
96,64.55463939625696,135.77278177942947,30.254807420056583,2026-04-08 00:22:14
97,61.742034423274745,129.8572472059284,28.93662451946084,2026-04-08 00:22:14
98,61.480336918025436,129.30683907717514,28.813974812210116,2026-04-08 00:22:14
99,59.91651877352477,126.0177812857949,28.081060536112382,2026-04-08 00:22:14
100,60.330596404985236,126.88867875221749,28.275126200702182,2026-04-08 00:22:14
101,50.27635112696705,140.64216931888933,33.32154717065955,2026-04-08 00:22:14
102,55.51902748964082,155.30793881399913,36.796224306201196,2026-04-08 00:22:14
103,49.87094961859448,86.8425187795784,45.16038585486479,2026-04-08 00:22:14
104,49.84611131953244,86.79926673667076,45.13789365894314,2026-04-08 00:22:14
105,47.51125230815474,82.73347213893497,43.023573906122344,2026-04-08 00:22:14
106,60.81025134614936,127.89749990380582,28.499925967360635,2026-04-08 00:22:14
107,58.60273875545744,123.25460935318901,27.46533156898178,2026-04-08 00:22:14
108,63.891314594344344,134.37766201079225,29.94392714365035,2026-04-08 00:22:14
109,61.78236628437694,129.94207409098888,28.955526843166023,2026-04-08 00:22:14
110,62.67115778245244,131.8114005289368,29.372076542186058,2026-04-08 00:22:14
111,55.23822111878025,116.17827954715341,25.888483892175547,2026-04-08 00:22:14
112,54.83178338187007,153.38545438539745,36.340741033419334,2026-04-08 00:22:14
113,48.07530445305412,134.48500054963074,31.862764285155478,2026-04-08 00:22:14
114,49.55117559782677,138.61357620763312,32.84092417277666,2026-04-08 00:22:14
115,49.173174067509855,85.6274509522675,44.52851873847599,2026-04-08 00:22:14
116,46.385419307631594,80.77300869802734,42.00408153429856,2026-04-08 00:22:14
117,51.446868240929014,81.77340748212944,33.690864914457705,2026-04-08 00:22:14
118,58.01864138042971,92.21906338288986,37.99450337996173,2026-04-08 00:22:14
119,58.4645697683928,92.92785451097149,38.28652724057904,2026-04-08 00:22:14
120,62.202236499743314,130.82515465126735,29.15230731667083,2026-04-08 00:22:14
121,64.69275016632483,103.00323954587284,22.114714708651196,2026-04-08 00:22:14
122,61.130476366598685,97.33141788768371,20.896979049052447,2026-04-08 00:22:14
123,62.61499062388821,99.69504870040579,21.404448729912797,2026-04-08 00:22:14
124,62.816645974348035,100.01612261233127,21.473383046871444,2026-04-08 00:22:14
125,52.7343551339596,147.51814595579623,34.950633105273866,2026-04-08 00:22:14
126,48.47348727145451,135.5988700749651,32.12666703999876,2026-04-08 00:22:14
127,48.65038844763522,136.09373027494834,32.243911445261276,2026-04-08 00:22:14
128,49.34787557560727,138.0448683458529,32.70618346211777,2026-04-08 00:22:14
129,51.16510910959077,89.09609667934053,46.33230542764423,2026-04-08 00:22:14
130,49.11939904216536,85.53381009152459,44.47982303661979,2026-04-08 00:22:14
131,49.45388735682057,78.60561819752067,32.38572716673031,2026-04-08 00:22:14
132,57.35151403608682,91.15868248825608,37.5576235851851,2026-04-08 00:22:14
133,54.9778019895484,87.38573130456474,36.003157499295654,2026-04-08 00:22:14
134,58.659143863084104,93.23712477901086,38.413947426962366,2026-04-08 00:22:14
135,55.007506110809764,87.43294520299737,36.02260975306809,2026-04-08 00:22:14
136,49.974390463875764,79.43294382732601,32.726587562454085,2026-04-08 00:22:14
137,68.76055511780848,109.47996354920116,23.505262270181923,2026-04-08 00:22:14
138,71.82178136557158,114.3540216112217,24.551718711651244,2026-04-08 00:22:14
139,70.633662139504,112.46230841403873,24.145569372555354,2026-04-08 00:22:14
140,66.51735162139128,105.90835426535479,22.73844055941567,2026-04-08 00:22:14
141,67.36012498809181,107.25021076009263,23.026536095943552,2026-04-08 00:22:14
142,70.13123455456902,111.66234754125996,23.973818400861813,2026-04-08 00:22:14
143,70.15783883223031,111.70470664298074,23.982912866764046,2026-04-08 00:22:14
144,49.136380351337344,137.45323537179738,32.56601123533699,2026-04-08 00:22:14
145,58.203523808799495,162.81750101157354,38.5754220547094,2026-04-08 00:22:14
146,49.74385274440951,139.15256782627975,32.968624383405526,2026-04-08 00:22:14
147,57.326360954038165,160.36374126222265,37.994066749757636,2026-04-08 00:22:14
148,56.08995524619013,156.9050419530611,37.17461684552557,2026-04-08 00:22:14
149,49.40499766639285,138.20466066538356,32.74404214517517,2026-04-08 00:22:14
150,76.3421395294138,85.31731143639955,34.82274483430194,2026-04-08 00:22:14
151,59.09449903368764,93.9291100636835,38.69904723466933,2026-04-08 00:22:14
152,59.03619696034798,93.83644049285695,38.66086712100487,2026-04-08 00:22:14
153,56.27954213053038,89.45481209847941,36.85562437907087,2026-04-08 00:22:14
154,53.81011718653216,85.52972784949394,35.238479059067735,2026-04-08 00:22:14
155,49.11732660352854,78.07066397071418,32.16532457931588,2026-04-08 00:22:14
156,53.19273801638945,84.54842033404648,34.83417771024956,2026-04-08 00:22:14
157,49.536986954707615,78.73770276383081,32.440146365071925,2026-04-08 00:22:14
158,52.729103881275456,83.8114863991031,34.53055893713579,2026-04-08 00:22:14
159,50.299153512297096,79.94914592089812,32.939264220289324,2026-04-08 00:22:14
160,57.83931645340717,91.93403125497791,37.87706937282609,2026-04-08 00:22:14
161,69.29422613278405,110.32966994215693,23.687693566024475,2026-04-08 00:22:14
162,64.65845950838079,102.94864225567702,22.102992713286106,2026-04-08 00:22:14
163,70.54366597646938,112.31901729848977,24.11480488248086,2026-04-08 00:22:14
164,70.37664497260258,112.05308789486641,24.05771004818535,2026-04-08 00:22:14
165,67.9306030347053,108.15852099176335,23.221549589974497,2026-04-08 00:22:14
166,72.80896590552729,115.9258083320461,24.88918008730436,2026-04-08 00:22:14
167,62.487227850572864,99.4916259132927,21.360774017136006,2026-04-08 00:22:14
168,57.597369909984835,161.12185688944732,38.17368276219344,2026-04-08 00:22:14
169,52.43583581907052,146.6830733403719,34.7527841124679,2026-04-08 00:22:14
170,57.98598219807897,162.20895398373546,38.431242477617594,2026-04-08 00:22:14
171,48.413431711706,135.43087172159693,32.086864148138794,2026-04-08 00:22:14
172,54.11303427893706,151.3748384443714,35.864377263965004,2026-04-08 00:22:14
173,46.236410144166605,80.51353236610458,41.86914704098222,2026-04-08 00:22:14
174,52.439871777195165,91.31589802155648,47.48666030523666,2026-04-08 00:22:14
175,45.522107483055024,79.26968514169246,41.22231388381033,2026-04-08 00:22:14
176,70.31771575696682,78.58462563027703,32.074760914873075,2026-04-08 00:22:14
177,68.68849145664676,76.76386139853055,31.33160566093851,2026-04-08 00:22:14
178,52.38743553582406,83.26841379251604,34.30681155530796,2026-04-08 00:22:14
179,50.441076802038296,80.17472915657463,33.03220512313484,2026-04-08 00:22:14
180,51.841671028901395,82.40093584993517,33.94940829818979,2026-04-08 00:22:14
181,57.85973035432402,91.96647859910304,37.89043776631014,2026-04-08 00:22:14
182,55.43786695157864,88.11699213529535,36.30443893813949,2026-04-08 00:22:14
183,54.79305569814793,87.09208206440587,35.88217321862241,2026-04-08 00:22:14
184,57.02393109238812,90.63799824730634,37.34310027051513,2026-04-08 00:22:14
185,53.21974634670812,84.59134934558938,34.85186457904147,2026-04-08 00:22:14
186,51.17902845238131,81.34768337262156,33.515465430617034,2026-04-08 00:22:14
187,49.18955623044464,78.18547101176539,32.21262539055002,2026-04-08 00:22:14
188,68.28860109876042,108.72852242552561,23.343928450549658,2026-04-08 00:22:14
189,61.28022672316813,97.56984911545105,20.948170046568208,2026-04-08 00:22:14
190,72.75360631895995,115.83766527518584,24.87025584215822,2026-04-08 00:22:14
191,65.71856572613159,104.63653424373314,22.465381798711476,2026-04-08 00:22:14
192,73.81398791056007,117.52599571111276,25.232739061997417,2026-04-08 00:22:14
193,67.1289672748486,106.88216344027934,22.94751662516924,2026-04-08 00:22:14
194,49.908639247774644,139.61353865626737,33.077839573487694,2026-04-08 00:22:14
195,53.80453991158601,150.51186179482616,35.65991712747636,2026-04-08 00:22:14
196,52.001837412032906,145.46901392518947,34.46514393835156,2026-04-08 00:22:14
197,51.65366781842242,144.49505050424443,34.23438833901256,2026-04-08 00:22:14
198,51.0413352995465,142.782122420388,33.828554056004926,2026-04-08 00:22:14
199,49.831338178250824,86.77354160392328,45.124515915674394,2026-04-08 00:22:14
200,46.5647339610475,81.08525733728162,42.16645901055729,2026-04-08 00:22:14
201,51.72440425307003,90.07002236899322,46.838772312262314,2026-04-08 00:22:14
202,74.95188600433669,83.76361260498473,34.18859383909573,2026-04-08 00:22:14
203,71.04282594764071,79.39498347909782,32.40551306961011,2026-04-08 00:22:14
204,77.59806262532292,86.72088726718381,35.39562227486017,2026-04-08 00:22:14
205,59.028116530851676,93.82359686842605,38.655575513023294,2026-04-08 00:22:14
206,52.92839966145701,84.12826165869586,34.66107120032495,2026-04-08 00:22:14
207,50.37386795384178,80.0679025076863,32.988192255042634,2026-04-08 00:22:14
208,51.70702260476856,82.18691581664807,33.861231465983806,2026-04-08 00:22:14
209,49.503207568944475,78.68401134254606,32.41802535437581,2026-04-08 00:22:14
210,52.26798571889469,83.07855153486243,34.22858779196093,2026-04-08 00:22:14
211,55.94251845467791,88.91912206876668,36.63491863887022,2026-04-08 00:22:14
212,51.42494694033916,81.73856416693914,33.67650937441854,2026-04-08 00:22:14
213,48.95564764077344,77.81367962638548,32.05944633482911,2026-04-08 00:22:14
214,55.535626198649375,88.27237781802387,36.36845825942791,2026-04-08 00:22:14
215,70.51679700071595,112.27623674674683,24.10561993158956,2026-04-08 00:22:14
216,71.52979110326501,113.88911723080656,24.45190410596494,2026-04-08 00:22:14
217,63.238022863540884,100.68703526552714,21.617427467078663,2026-04-08 00:22:14
218,66.15912202427211,105.33798418664237,22.61598255105897,2026-04-08 00:22:14
219,74.04830590858299,117.89907480912932,25.31283885160377,2026-04-08 00:22:14
220,49.84464459818951,139.43452116313773,33.03542597968023,2026-04-08 00:22:14
221,51.35620900699488,143.6629445223179,34.03724221376413,2026-04-08 00:22:14
222,54.199720489121454,151.617332905029,35.921830093714135,2026-04-08 00:22:14
223,53.409302516297934,149.4062317436539,35.397966504261056,2026-04-08 00:22:14
224,55.1554881433613,154.29098032064303,36.555282129533445,2026-04-08 00:22:14
225,51.15709021921898,143.10593317131057,33.90527269070381,2026-04-08 00:22:14
226,47.570174897610855,82.8360766836753,43.0769309585899,2026-04-08 00:22:14
227,45.33210213314269,78.93882031368787,41.050255501482475,2026-04-08 00:22:14
228,50.45299967583171,87.85606861997351,45.68745833639378,2026-04-08 00:22:14
229,77.09773957255409,86.16174368049612,35.167404646841305,2026-04-08 00:22:14
230,75.97533188231843,84.90738000852241,34.65542899567325,2026-04-08 00:22:14
231,71.14132165155364,79.50505884111526,32.45044095328978,2026-04-08 00:22:14
232,75.26983499980737,84.11894130856413,34.33362326593453,2026-04-08 00:22:14
233,75.04654905324885,83.86940472550091,34.231773493449474,2026-04-08 00:22:14
234,52.805539783726886,83.93297920150565,34.58061430011816,2026-04-08 00:22:14
235,54.00950541153156,85.84665004762773,35.36905186133297,2026-04-08 00:22:14
236,59.0409293964614,93.8439625722355,38.66396623804086,2026-04-08 00:22:14
237,57.447948526727,91.31196250642009,37.62077536698137,2026-04-08 00:22:14
238,59.03854968960589,93.84018009246485,38.66240784615139,2026-04-08 00:22:14
239,56.29406649226381,89.47789817914972,36.86513590670823,2026-04-08 00:22:14
240,52.82094408514882,83.95746392254355,34.59070207136747,2026-04-08 00:22:14
241,56.73935611366155,90.1856740050289,37.1567414600738,2026-04-08 00:22:14
242,58.53231475275361,93.03553333381184,38.33089120664289,2026-04-08 00:22:14
243,66.81377600290806,106.38031861218052,22.8397709343507,2026-04-08 00:22:14
244,65.10141090913146,103.65390566033054,22.25441221287785,2026-04-08 00:22:14
245,69.62495732990456,110.85625730526506,23.800751459695196,2026-04-08 00:22:14
246,69.27670015997273,110.301765239217,23.681702448198795,2026-04-08 00:22:14
247,51.87943962073407,145.12662052347585,34.38402262216756,2026-04-08 00:22:14
248,48.610325233926666,135.9816581543677,32.21735883681866,2026-04-08 00:22:14
249,49.836166699700065,139.41080524087818,33.029807101458324,2026-04-08 00:22:14
250,51.30686323124527,143.5249055279879,34.004537421999096,2026-04-08 00:22:14
251,56.76582887045958,158.79571879360233,37.62256412784971,2026-04-08 00:22:14
252,52.26329412379392,146.20040827463598,34.638429030820355,2026-04-08 00:22:14
253,50.59783049731708,141.5414699845863,33.53461334915886,2026-04-08 00:22:14
254,43.62633145209141,75.96848540858274,39.505603500160454,2026-04-08 00:22:14
255,49.659894884467676,86.47499971583288,44.96926630926647,2026-04-08 00:22:14
256,65.13448306343184,72.79202562341884,29.710478349354492,2026-04-08 00:22:14
257,75.45018734302573,84.32049679455776,34.41588928136027,2026-04-08 00:22:14
258,69.68284203145306,77.87511290642189,31.78516927018187,2026-04-08 00:22:14
259,70.03930474721182,78.27348319998873,31.947766366232955,2026-04-08 00:22:14
260,75.86255600682888,84.78134562500938,34.60398734680349,2026-04-08 00:22:14
261,77.115528385175,86.18162383680058,35.175518845455876,2026-04-08 00:22:14
262,50.804149867647915,80.7518239877088,33.26996975343745,2026-04-08 00:22:14
263,52.1624226702359,82.9107619202914,34.15945801722583,2026-04-08 00:22:14
264,50.901758436912665,80.90697017213455,33.33389040077777,2026-04-08 00:22:14
265,49.7463383232694,79.07046110955116,32.5772437029476,2026-04-08 00:22:14
266,55.25061644086316,87.81936250617456,36.18181472645502,2026-04-08 00:22:14
267,58.23642103368011,92.56521825947365,38.13712012476369,2026-04-08 00:22:14
268,52.501885077407685,83.45032824756571,34.38176080249941,2026-04-08 00:22:14
269,55.244000743394075,87.80884703373832,36.17748232338819,2026-04-08 00:22:14
270,63.19522358308715,100.61889061986541,21.602796865125022,2026-04-08 00:22:14
271,61.98135599115891,98.68618109635777,21.187845646935134,2026-04-08 00:22:14
272,62.795155796186314,99.98190613578045,21.466036796204058,2026-04-08 00:22:14
273,63.34697039474037,100.86050058621949,21.65467033532115,2026-04-08 00:22:14
274,54.88018919092237,153.5208639336274,36.37282284551419,2026-04-08 00:22:14
275,56.685235770212216,158.57026909017617,37.56914961523441,2026-04-08 00:22:14
276,51.75547670204135,144.7798488622625,34.30186398992711,2026-04-08 00:22:14
277,51.5707923247916,144.26321607421235,34.17946112953116,2026-04-08 00:22:14
278,54.18952141843051,151.5888022063037,35.915070477960256,2026-04-08 00:22:14
279,53.77670397765823,150.43399404896024,35.641468366485896,2026-04-08 00:22:14
280,48.73605534835665,136.33337333746618,32.300688709509124,2026-04-08 00:22:14
281,48.543713941237414,84.53134383469963,43.958514309041256,2026-04-08 00:22:14
282,43.673490577166156,76.05060570579491,39.54830820703372,2026-04-08 00:22:14
283,74.42145528496886,83.17082174061156,33.946642883742896,2026-04-08 00:22:14
284,68.03638005415758,76.0350844483383,31.034151212944288,2026-04-08 00:22:14
285,74.11543027586906,82.82881886815296,33.807052470499485,2026-04-08 00:22:14
286,72.49901039936616,81.02236441369732,33.06973783337345,2026-04-08 00:22:14
287,78.02185057476241,87.19449789282513,35.58892913943262,2026-04-08 00:22:14
288,64.70920038178116,72.31674453721195,29.51648967682242,2026-04-08 00:22:14
289,69.1255325004658,77.25228322002837,31.530957799152603,2026-04-08 00:22:14
290,56.22160616770521,89.36272445042694,36.81768401916225,2026-04-08 00:22:14
291,57.209226180753134,90.93251978541728,37.46444394030243,2026-04-08 00:22:14
292,50.85371386974236,80.83060463030756,33.30242759113058,2026-04-08 00:22:14
293,59.208940815548445,94.11101218486333,38.773991400273076,2026-04-08 00:22:14
294,55.29416410536723,87.8885803426755,36.21033266218779,2026-04-08 00:22:14
295,53.58808348557853,85.17681127898825,35.09307647809324,2026-04-08 00:22:14
296,55.85862340545734,88.78577315404715,36.579978525566425,2026-04-08 00:22:14
297,54.690560158665576,86.92916817281696,35.81505225493492,2026-04-08 00:22:14
298,63.734207132698025,101.4770555847049,21.787044209713958,2026-04-08 00:22:14
299,61.43416116145804,97.81494220209167,21.000791339956812,2026-04-08 00:22:14
300,70.30744118608851,111.94290222210614,24.034053270701285,2026-04-08 00:22:14
301,56.09175436573826,156.91007477804624,37.17580924404982,2026-04-08 00:22:14
302,48.4269750954104,135.46875774199037,32.09584026690717,2026-04-08 00:22:14
303,47.7000186181926,133.43518263829736,31.614036913965823,2026-04-08 00:22:14
304,51.96420774823236,145.36374937378469,34.440204208453906,2026-04-08 00:22:14
305,55.42237827952543,155.03757403475615,36.732168320798955,2026-04-08 00:22:14
306,56.903003723777154,159.17944928545649,37.7134792050777,2026-04-08 00:22:14
307,55.329813157950845,154.77863401206756,36.67081913781796,2026-04-08 00:22:14
308,50.89076200857798,142.3609113776491,33.72875892558709,2026-04-08 00:22:14
309,48.84693425413957,85.05935494976644,44.233093927725484,2026-04-08 00:22:14
310,67.16840075917787,75.06506107348125,30.63823066766156,2026-04-08 00:22:14
311,73.4190809798064,82.0506031916352,33.489419325793165,2026-04-08 00:22:14
312,74.14089498314634,82.85727733650093,33.81866795585611,2026-04-08 00:22:14
313,69.52140981077916,77.69470188923003,31.711533489691387,2026-04-08 00:22:14
314,70.24136661055759,78.49930048819624,32.03993497391682,2026-04-08 00:22:14
315,75.06872101948338,83.89418334134858,34.24188702612513,2026-04-08 00:22:14
316,78.75309484589357,88.01171097593688,35.92247929694864,2026-04-08 00:22:14
317,71.89785047245493,80.35052905483097,32.79552441901962,2026-04-08 00:22:14
318,49.243752244837175,78.27161411280068,32.24811658101957,2026-04-08 00:22:14
319,50.52724065086005,80.31168426697967,33.08863099880853,2026-04-08 00:22:14
320,57.47860655093592,91.36069260782283,37.64085230047575,2026-04-08 00:22:14
321,57.83553132137096,91.92801488984328,37.874590614128515,2026-04-08 00:22:14
322,51.86586283094362,82.43938806585746,33.96525071508532,2026-04-08 00:22:14
323,50.93382522931894,80.95793947253595,33.35488989031211,2026-04-08 00:22:14
324,40.90506638579316,75.59119554236781,14.569598325118104,2026-04-08 00:22:14
325,40.838627119783126,75.46841799932976,14.545933935732878,2026-04-08 00:22:14
326,41.53239123384235,76.75047089496671,14.793039376875369,2026-04-08 00:22:14
327,43.83442240794669,81.00454756569385,15.612978628954151,2026-04-08 00:22:14
328,42.16647020861922,77.9222276480204,15.01888611873789,2026-04-08 00:22:14
329,57.984979583854916,162.2061492885597,38.43057797718326,2026-04-08 00:22:14
330,52.65672159320616,147.30097527139438,34.899180093425244,2026-04-08 00:22:14
331,49.82737190687875,139.38620284405795,33.02397819587384,2026-04-08 00:22:14
332,47.754824362159106,133.58849525048595,31.65036039691293,2026-04-08 00:22:14
333,50.1345633173045,140.24553462510346,33.22757477445355,2026-04-08 00:22:14
334,51.76323194629634,144.80154324443563,34.30700391618409,2026-04-08 00:22:14
335,73.53975839073107,82.18546805545306,33.54446518531188,2026-04-08 00:22:14
336,66.53138997481219,74.35316004721865,30.34766422378926,2026-04-08 00:22:14
337,69.1796005340048,77.31270776778976,31.55562042122774,2026-04-08 00:22:14
338,77.42934041000376,86.5323292063362,35.31866123226752,2026-04-08 00:22:14
339,65.57877272553286,73.28854824779252,29.913136876234017,2026-04-08 00:22:14
340,78.61553660776299,87.85798068863326,35.85973340777386,2026-04-08 00:22:14
341,67.97828275433663,75.97015693316789,31.007650679167035,2026-04-08 00:22:14
342,71.77476802937787,80.21297641099508,32.73938152683353,2026-04-08 00:22:14
343,50.980308189845225,74.12438346923408,29.065350906085747,2026-04-08 00:22:14
344,51.97926298943543,82.61963455482667,34.03951275574315,2026-04-08 00:22:14
345,51.12027215487289,81.25429182474744,33.476987860457484,2026-04-08 00:22:14
346,53.01051076462583,84.25877503935077,34.71484306592972,2026-04-08 00:22:14
347,41.70051199562909,77.06115244377767,14.852920760424384,2026-04-08 00:22:14
348,42.73477852582599,78.97244242408665,15.221306616688784,2026-04-08 00:22:14
349,42.28180880627974,78.13536952162379,15.059967510061092,2026-04-08 00:22:14
350,45.52504516536164,84.12876191701234,16.21514595616314,2026-04-08 00:22:14
351,47.19297766680962,87.21104543366285,16.809231450373378,2026-04-08 00:22:14
352,48.15347172675485,88.9860063545873,17.151340970868482,2026-04-08 00:22:14
353,44.98574464614191,83.13215258212082,16.02305747823592,2026-04-08 00:22:14
354,45.091428759462346,83.32745329133813,16.060700127826138,2026-04-08 00:22:14
355,43.793820926299865,80.92951738460263,15.59851716167722,2026-04-08 00:22:14
356,49.2569912476522,137.7906301453039,32.64594825504436,2026-04-08 00:22:14
357,57.76937491844352,161.6030206370361,38.28768214509359,2026-04-08 00:22:14
358,52.483198000503755,146.8155634632852,34.78417424177039,2026-04-08 00:22:14
359,72.26233034979785,80.75785904845246,32.96177846749386,2026-04-08 00:22:14
360,69.81537017526486,78.02322173582301,31.845620729412243,2026-04-08 00:22:14
361,66.58083912257557,74.40842268939764,30.370219984807385,2026-04-08 00:22:14
362,78.45236471693777,87.67562547678021,35.7853040931992,2026-04-08 00:22:14
363,76.39468331345806,85.37603253610914,34.846712184387755,2026-04-08 00:22:14
364,71.04985920873618,79.40284360629617,32.40872122513195,2026-04-08 00:22:14
365,65.16076728750367,72.82139995514211,29.72246764954523,2026-04-08 00:22:14
366,75.24896673666812,84.09561966580742,34.324104405094204,2026-04-08 00:22:14
367,58.880484788388216,85.61108765871003,33.569470500687125,2026-04-08 00:22:14
368,53.75930814171267,78.16499572536472,30.64973930303765,2026-04-08 00:22:14
369,56.622810336188195,82.32847261016268,32.28230487704012,2026-04-08 00:22:14
370,44.346096852210806,81.95010483739247,15.795227230040531,2026-04-08 00:22:14
371,44.80665866908205,82.80120768196709,15.959270495791863,2026-04-08 00:22:14
372,47.90982401684185,88.53575352991811,17.06455834025771,2026-04-08 00:22:14
373,46.73672971007434,86.36791445844067,16.646724698676785,2026-04-08 00:22:14
374,49.00713845926263,90.56355394481493,17.45540065088098,2026-04-08 00:22:14
375,45.465799479361365,84.01927786940685,16.194043781694607,2026-04-08 00:22:14
376,41.558689244997915,76.799068740644,14.80240622292012,2026-04-08 00:22:14
377,42.29876519094221,78.16670435375983,15.066007048323868,2026-04-08 00:22:14
378,41.85842385196046,77.3529682765115,14.90916592809684,2026-04-08 00:22:14
379,41.93984356168195,77.50342917884848,14.938166063561766,2026-04-08 00:22:14
380,78.29858998185253,87.50377219830008,35.71516120232866,2026-04-08 00:22:14
381,70.45771979754123,78.74108926105384,32.13862243369802,2026-04-08 00:22:14
382,71.62708874497456,80.04793519551687,32.67201901813534,2026-04-08 00:22:14
383,65.96427302740358,73.71936993442938,30.088979192526683,2026-04-08 00:22:14
384,77.85863642187154,87.0120954503621,35.51448054741647,2026-04-08 00:22:14
385,78.3220198393529,87.52995658953658,35.725848510206966,2026-04-08 00:22:14
386,52.36205684600777,76.13341932806188,29.853125852557657,2026-04-08 00:22:14
387,60.36289189970611,87.76647896720618,34.41463374912575,2026-04-08 00:22:14
388,54.78316854286644,79.65366897369951,31.23347178514743,2026-04-08 00:22:14
389,57.81793311547381,84.06615804852238,32.96367900342706,2026-04-08 00:22:14
390,41.77071011211721,77.19087621687005,14.877923980093207,2026-04-08 00:22:14
391,43.99999457009037,81.31051938754433,15.671952250302255,2026-04-08 00:22:14
392,40.84546512605472,75.48105440637823,14.548369502119254,2026-04-08 00:22:14
393,44.89340732557806,82.96151629983808,15.990168699659087,2026-04-08 00:22:14
394,45.00361231059885,83.16517142886003,16.029421596843875,2026-04-08 00:22:14
395,48.43894708459361,89.51355527464996,17.253021805614043,2026-04-08 00:22:14
396,48.10766443213652,88.9013560051146,17.135025293082876,2026-04-08 00:22:14
397,42.42469352204099,78.3994157008246,15.110860299130445,2026-04-08 00:22:14
398,40.246845589768256,74.37482551052128,14.33515273060727,2026-04-08 00:22:14
399,44.163342636874475,81.61238115550452,15.730133691637246,2026-04-08 00:22:14
400,44.02624574272252,81.35903067719579,15.681302413365346,2026-04-08 00:22:14
401,75.45287780090779,84.32350355641228,34.41711650827442,2026-04-08 00:22:14
402,76.65106623724081,85.66255714611067,34.96365882997292,2026-04-08 00:22:14
403,69.93160388668225,78.15312047611945,31.898639637433185,2026-04-08 00:22:14
404,77.40804247533238,86.50852737766712,35.308946380822036,2026-04-08 00:22:14
405,73.0504104632996,81.6385898859024,33.32125375690313,2026-04-08 00:22:14
406,50.69843862125787,73.71455056056527,28.904648897572383,2026-04-08 00:22:14
407,60.485290222137735,87.94444376400826,34.484416579361756,2026-04-08 00:22:14
408,50.42105069866609,73.31123387861507,28.746502005301416,2026-04-08 00:22:14
409,53.8058639557683,78.23268697981793,30.67628212163353,2026-04-08 00:22:14
410,55.27822937980231,80.37347786894946,31.515720313183355,2026-04-08 00:22:14
411,41.55972909785984,76.80099035397863,14.802776598520358,2026-04-08 00:22:14
412,40.40069259701104,74.6591296379957,14.3899500771733,2026-04-08 00:22:14
413,47.2199979776908,87.2609780650922,16.81885556569557,2026-04-08 00:22:14
414,46.21842308922646,85.4101011460774,16.462113843782156,2026-04-08 00:22:14
415,46.99422386821804,86.843755056661,16.7384391679759,2026-04-08 00:22:14
416,44.40299666396893,82.05525378780283,15.815493849198948,2026-04-08 00:22:14
417,44.725293545557925,82.65084765309845,15.930289802881122,2026-04-08 00:22:14
418,45.70592846650346,84.46302821199896,16.279573110895083,2026-04-08 00:22:14
419,47.336750936132454,87.47673363014803,16.860440725140634,2026-04-08 00:22:14
420,42.153027598365405,77.89738615355337,15.014098119373902,2026-04-08 00:22:14
421,45.61471203614588,84.29446329735475,16.247083571862756,2026-04-08 00:22:14
422,64.49892909317334,72.08175268177182,29.420576417457337,2026-04-08 00:22:14
423,65.85270285512068,73.59468300275118,30.038087513770034,2026-04-08 00:22:14
424,72.32890512071131,80.83226068952307,32.99214591952248,2026-04-08 00:22:14
425,67.1474334366827,75.04162872544471,30.628666621833027,2026-04-08 00:22:14
426,74.1992351887831,82.92247631473572,33.84527928882362,2026-04-08 00:22:14
427,57.591644906969066,83.7371393639097,32.834665538824076,2026-04-08 00:22:14
428,55.073971371438184,80.07649066984774,31.399266904028323,2026-04-08 00:22:14
429,52.67881352098464,76.59397741560797,30.033718011313606,2026-04-08 00:22:14
430,50.48043565201062,73.39757845381105,28.780359087943452,2026-04-08 00:22:14
431,51.24144521468829,74.50407165972914,29.21423269066364,2026-04-08 00:22:14
432,42.216572858340236,78.01481567016249,15.036731719441105,2026-04-08 00:22:14
433,43.6619281113734,80.68578387077063,15.55153947638699,2026-04-08 00:22:14
434,48.8177141936102,90.2135042328708,17.387931368774037,2026-04-08 00:22:14
435,41.89663990280884,77.42359026121365,14.922777750778703,2026-04-08 00:22:14
436,47.04394351759755,86.9356353069727,16.756148351319915,2026-04-08 00:22:14
437,48.79766051860958,90.17644571170823,17.380788635232285,2026-04-08 00:22:14
438,42.89611521404229,79.27058723167832,15.278771643642822,2026-04-08 00:22:14
439,42.53262214580726,78.59886419032927,15.149302400195058,2026-04-08 00:22:14
440,46.75846139804678,86.40807389149222,16.654465108182517,2026-04-08 00:22:14
441,45.33740095605484,83.7820016897015,16.148310695908343,2026-04-08 00:22:14
442,46.46945756731037,85.87400447144414,16.551527499218942,2026-04-08 00:22:14
443,45.99548665123976,84.9981220597111,16.382708170097025,2026-04-08 00:22:14
444,57.815653928379184,133.11301200350823,42.04917416353924,2026-04-08 00:22:14
445,67.600157161107,155.64055615063324,49.16541782042767,2026-04-08 00:22:14
446,64.34511989139796,148.146256843885,46.79803771205147,2026-04-08 00:22:14
447,62.74416940906786,144.4602769008851,45.63367060583326,2026-04-08 00:22:14
448,53.79618008385731,78.21860681709462,30.67076106565689,2026-04-08 00:22:14
449,56.17775115175972,81.68136515192154,32.02856373994816,2026-04-08 00:22:14
450,53.91578428501528,78.39250901553073,30.73895088639224,2026-04-08 00:22:14
451,60.21369760838259,87.54955334917533,34.32957376058361,2026-04-08 00:22:14
452,58.066745282492946,84.42792613378498,33.105534029434054,2026-04-08 00:22:14
453,60.753946931501524,88.33506543056048,34.637585553975526,2026-04-08 00:22:14
454,41.19547630634783,76.12786336940538,14.673036756245558,2026-04-08 00:22:14
455,41.06359081244077,75.88414338457258,14.626061678561712,2026-04-08 00:22:14
456,42.4526550153306,78.4510876058883,15.120819645534088,2026-04-08 00:22:14
457,46.22395850059245,85.42033040127595,16.464085450903045,2026-04-08 00:22:14
458,41.82722123562677,77.2953068843879,14.898052155969275,2026-04-08 00:22:14
459,46.88766664108685,86.64684086230281,16.700485532030232,2026-04-08 00:22:14
460,43.60773291322959,80.5856329559253,15.532236188606976,2026-04-08 00:22:14
461,46.58332536706231,86.08442835966981,16.592085020600376,2026-04-08 00:22:14
462,43.48147153466788,80.35230614828023,15.487264312696302,2026-04-08 00:22:14
463,40.56941514020256,74.97092325872983,14.450045803690607,2026-04-08 00:22:14
464,47.20454994559874,87.23243061809379,16.81335327362319,2026-04-08 00:22:14
465,60.533090704060676,139.36955620152358,44.02555883611576,2026-04-08 00:22:14
466,64.45413234191491,148.39724381105088,46.877322182715076,2026-04-08 00:22:14
467,65.24785229878749,150.2246806204224,47.4545926351942,2026-04-08 00:22:14
468,59.2986061866377,136.52731640623503,43.127721469446605,2026-04-08 00:22:14
469,51.53738546911916,74.93436307385177,29.382956804889034,2026-04-08 00:22:14
470,63.41826608898361,77.15993381082225,16.068960261453203,2026-04-08 00:22:14
471,62.961877048683995,76.60465296961962,15.953320118563656,2026-04-08 00:22:14
472,69.26319056647729,84.27135475664039,17.549950912131937,2026-04-08 00:22:14
473,42.23781027207686,78.05406170094604,15.044296077965516,2026-04-08 00:22:14
474,43.57288376396926,80.52123289282854,15.51982359154855,2026-04-08 00:22:14
475,41.40666836804298,76.51813924090814,14.748259308858763,2026-04-08 00:22:14
476,43.48847295558484,80.36524454013167,15.489758084238026,2026-04-08 00:22:14
477,40.9039073752456,75.58905372961263,14.569185507840817,2026-04-08 00:22:14
478,42.21385565679928,78.00979437252977,15.035763904485211,2026-04-08 00:22:14
479,45.341068875535186,83.78877988231112,16.14961713831852,2026-04-08 00:22:14
480,45.7995608943185,84.63605780919653,16.312923181778835,2026-04-08 00:22:14
481,44.129982938219634,81.55073354734594,15.71825160825266,2026-04-08 00:22:14
482,58.00469195900875,133.5482474446136,42.186661029697014,2026-04-08 00:22:14
483,68.75475905834153,158.29887661858547,50.00515676598228,2026-04-08 00:22:14
484,58.03831896744432,133.62566925122448,42.21111786514261,2026-04-08 00:22:14
485,63.873658390188794,147.0607781507375,46.455144993060415,2026-04-08 00:22:14
486,64.58131684164486,148.69006955440727,46.96982313732976,2026-04-08 00:22:14
487,58.374169723604155,71.02286691053851,14.79088394292858,2026-04-08 00:22:14
488,62.06993871137214,75.51944665108432,15.72732022008298,2026-04-08 00:22:14
489,62.611372081564234,76.17819949286611,15.864508948920722,2026-04-08 00:22:14
490,64.57752840707677,78.57038870417965,16.3626948787936,2026-04-08 00:22:14
491,63.26476930513963,76.97317686504014,16.030067149547733,2026-04-08 00:22:14
492,65.34055608418251,79.49875159853401,16.556031312883384,2026-04-08 00:22:14
493,44.209471629721605,81.69762599255218,15.746563952147918,2026-04-08 00:22:14
494,41.40849181593913,76.52150891167653,14.748908785947082,2026-04-08 00:22:14
495,47.872580657388575,88.46692904640462,17.05129297155266,2026-04-08 00:22:14
496,40.76029552307621,75.32366382663209,14.518033726760686,2026-04-08 00:22:14
497,46.61433567793736,86.14173437773314,16.60313029722028,2026-04-08 00:22:14
498,47.55208391973192,87.87466178693113,16.937138194534867,2026-04-08 00:22:14
499,42.32186769020548,78.20939700026129,15.074235714460176,2026-04-08 00:22:14
500,45.42655984823898,83.94676434256868,16.180067379395513,2026-04-08 00:22:14
501,47.801395392570214,88.33538105619066,17.02593814862464,2026-04-08 00:22:14
502,40.89615044375789,75.57471917947728,14.566422637957034,2026-04-08 00:22:14
503,45.217769892802174,83.5609274831476,16.105700410855643,2026-04-08 00:22:14
504,58.76936234108089,135.30880139205468,42.742803802263126,2026-04-08 00:22:14
505,60.392604170725214,139.0461042585363,43.92338334718724,2026-04-08 00:22:14
506,58.51978798403683,134.73418894494603,42.561289023945484,2026-04-08 00:22:14
507,58.38764403465133,134.42994471478417,42.46518107454389,2026-04-08 00:22:14
508,64.54274451676352,148.6012618008654,46.94176958614382,2026-04-08 00:22:14
509,56.54026517403494,130.17659553096476,41.1215872521454,2026-04-08 00:22:14
510,65.31491180160344,79.46755063281145,16.549533548388872,2026-04-08 00:22:14
511,65.88040451883319,80.15557607599727,16.692818449753975,2026-04-08 00:22:14
512,64.37588467448313,78.32505217860417,16.311602262646197,2026-04-08 00:22:14
513,65.0437334239594,79.13761247839106,16.480822200020985,2026-04-08 00:22:14
514,66.46324326987671,80.86470614571252,16.840498500107486,2026-04-08 00:22:14
515,60.73458349734714,73.8947425038039,15.388967073704235,2026-04-08 00:22:14
516,68.98836428981762,83.9369782650665,17.480315256810634,2026-04-08 00:22:14
517,43.62386771145531,80.61544952378549,15.537983093574407,2026-04-08 00:22:14
518,43.39510461899793,80.19270297469717,15.456502077573086,2026-04-08 00:22:14
519,44.13183285055359,81.5541521235109,15.718910511464998,2026-04-08 00:22:14
520,40.92484225432845,75.62774068646738,14.576642109337204,2026-04-08 00:22:14
521,48.77863583210403,90.14128872689342,17.374012407612142,2026-04-08 00:22:14
522,44.88111136599854,82.93879377749353,15.985789115223117,2026-04-08 00:22:14
523,43.26434295676529,79.95105979323775,15.409927287128157,2026-04-08 00:22:14
524,44.3843489249895,82.02079338941789,15.808851883041516,2026-04-08 00:22:14
525,42.055295113752834,77.71677978842702,14.979287687074605,2026-04-08 00:22:14
526,45.65515127222727,84.36919365406368,16.261487250388143,2026-04-08 00:22:14
527,56.818221091461474,130.81655282382317,41.323743865233844,2026-04-08 00:22:14
528,58.40388872334754,134.46734599444608,42.476995794222844,2026-04-08 00:22:14
529,58.4141756880589,134.49103039069627,42.48447747680137,2026-04-08 00:22:14
530,65.92197496587399,151.7767602490102,47.944880291042985,2026-04-08 00:22:14
531,62.91398688270836,144.85125951322598,45.75717841107174,2026-04-08 00:22:14
532,66.70536818795829,153.58042109670993,48.51464013627046,2026-04-08 00:22:14
533,59.32236363545538,136.5820148374516,43.14500019994845,2026-04-08 00:22:14
534,69.88534990368422,85.02832551978479,17.70759403740822,2026-04-08 00:22:14
535,62.51026767073651,76.05518746291716,15.838891049535572,2026-04-08 00:22:14
536,61.19891675731095,74.45968894296858,15.506620127982954,2026-04-08 00:22:14
537,63.80622669194634,77.63195892743153,16.167261963730436,2026-04-08 00:22:14
538,59.17423122497847,71.99628823372655,14.993604030769893,2026-04-08 00:22:14
539,59.98089048601767,72.97773693972456,15.197995863116502,2026-04-08 00:22:14
540,65.63579002251291,79.85795774756872,16.63083787439055,2026-04-08 00:22:14
541,64.03721765013202,77.91300172698547,16.225790598408533,2026-04-08 00:22:14
542,44.214814867742405,81.70750011783167,15.748467110817419,2026-04-08 00:22:14
543,46.8811949543606,86.6348814015309,16.698180441624114,2026-04-08 00:22:14
544,40.982508291902484,75.73430559657655,14.597181643402024,2026-04-08 00:22:14
545,44.79500979525816,82.77968095247189,15.955121390863065,2026-04-08 00:22:14
546,43.77002484109338,80.8855430144593,15.5900414535608,2026-04-08 00:22:14
547,41.17275749262108,76.08587976095178,14.664944751521743,2026-04-08 00:22:14
548,41.9641671191659,77.54837830013126,14.946829647163776,2026-04-08 00:22:14
549,43.05151526013969,79.55776132305006,15.33412215279467,2026-04-08 00:22:14
550,56.835626296278456,130.85662604068236,41.33640262525769,2026-04-08 00:22:14
551,56.50094651110507,130.08606943128544,41.09299089124522,2026-04-08 00:22:14
552,61.648402834910485,141.9374171003276,44.83672243715205,2026-04-08 00:22:14
553,63.99108973688352,147.33114852969274,46.54055250493501,2026-04-08 00:22:14
554,63.868423554418314,147.04872562327466,46.45133771067106,2026-04-08 00:22:14
555,66.21436116367748,152.4499413827234,48.157532009376645,2026-04-08 00:22:14
556,61.40371262186341,141.37404975855497,44.658759884012454,2026-04-08 00:22:14
557,65.1781890181437,79.30120233014131,16.514890643280626,2026-04-08 00:22:14
558,65.80445777460432,80.06317295432213,16.673575015799347,2026-04-08 00:22:14
559,69.66771714927732,84.76353542127372,17.652450112829012,2026-04-08 00:22:14
560,64.78838132640045,78.82692989179279,16.416120924483177,2026-04-08 00:22:14
561,69.96596889371459,85.1264132840562,17.72802132795096,2026-04-08 00:22:14
562,58.46465864853508,71.13296325799281,14.813812083801691,2026-04-08 00:22:14
563,61.91126729115118,75.3263938125734,15.687115955548508,2026-04-08 00:22:14
564,64.66142838772801,78.67246839435433,16.383953508809277,2026-04-08 00:22:14
565,61.48705230199014,74.81025859627316,15.579628094029609,2026-04-08 00:22:14
566,64.02836749399108,77.90223389140492,16.223548140263482,2026-04-08 00:22:14
567,43.911724856104414,81.14739990626906,15.640512274996528,2026-04-08 00:22:14
568,42.373415575092075,78.30465576868639,15.09259608014749,2026-04-08 00:22:14
569,46.41835506030684,85.77956874646141,16.533325768572034,2026-04-08 00:22:14
570,45.64344754518043,84.34756555764578,16.257318607795778,2026-04-08 00:22:14
571,66.40262261596683,152.88338885335887,48.29445407213498,2026-04-08 00:22:14
572,59.757351061189205,137.583516722993,43.46136541906868,2026-04-08 00:22:14
573,59.590554025087094,137.19948827463688,43.340054370166456,2026-04-08 00:22:14
574,65.61338709132409,151.06627686504672,47.72044513550917,2026-04-08 00:22:14
575,58.24986690773599,134.1127308271473,42.364976129831305,2026-04-08 00:22:14
576,62.428844474452404,143.73428231370173,45.40433560410212,2026-04-08 00:22:14
577,56.89549398756971,130.99446360141195,41.37994424083802,2026-04-08 00:22:14
578,70.73817927254927,86.06594861659448,17.92368448079663,2026-04-08 00:22:14
579,70.93391903246649,86.30410187827728,17.97328114462347,2026-04-08 00:22:14
580,60.58060171582733,73.70739546953666,15.34995107278176,2026-04-08 00:22:14
581,61.85865107889665,75.26237655531762,15.673784026500813,2026-04-08 00:22:14
582,66.02572272269099,80.33238228156969,16.72963926790407,2026-04-08 00:22:14
583,63.86841878972247,77.70762700295458,16.183020236691394,2026-04-08 00:22:14
584,64.12419066622105,78.01882032750258,16.247827876081697,2026-04-08 00:22:14
585,66.06385990614193,80.37878314889515,16.739302491501146,2026-04-08 00:22:14
586,65.18154366980717,79.30528387819167,16.515740647035,2026-04-08 00:22:14
587,58.42949989865384,71.09018620051381,14.804903537581092,2026-04-08 00:22:14
588,44.939191405938,83.04612375013713,16.0064761089721,2026-04-08 00:22:14
589,45.91045932958186,84.84099441109008,16.352423072609774,2026-04-08 00:22:14
590,40.857521745466705,75.50333463609246,14.552663838188405,2026-04-08 00:22:14
591,59.89985514514369,137.91161381347098,43.565008267295234,2026-04-08 00:22:14
592,64.20999687618763,147.83515370271977,46.699763095852894,2026-04-08 00:22:14
593,57.08826018943429,131.43828267114793,41.52014259620193,2026-04-08 00:22:14
594,56.891327213092275,130.98487014594886,41.37691375663873,2026-04-08 00:22:14
595,58.71671292347384,135.1875829662182,42.70451201828866,2026-04-08 00:22:14
596,65.76403953936953,151.41313450242419,47.83001426766625,2026-04-08 00:22:14
597,66.9140981127377,81.41325362231225,16.954736384559446,2026-04-08 00:22:14
598,64.56833059452958,78.55919788091825,16.360364331249052,2026-04-08 00:22:14
599,64.54285184998672,78.52819832252996,16.353908510886566,2026-04-08 00:22:14
600,67.51080760576906,82.13925998965738,17.105931012266534,2026-04-08 00:22:14
601,70.92679318576288,86.2954319808817,17.971475593091217,2026-04-08 00:22:14
602,66.54927752812513,80.96938257541174,16.862297914726888,2026-04-08 00:22:14
603,58.688502349410044,71.40531011022696,14.870529741914412,2026-04-08 00:22:14
604,67.3014523263411,81.88454095522427,17.052884439518344,2026-04-08 00:22:14
605,61.76532148963959,75.14882401952987,15.650136116309053,2026-04-08 00:22:14
606,58.91918316539155,71.6859755649965,14.928979792565203,2026-04-08 00:22:14
607,67.02780562078188,81.55159962789637,16.983547664666457,2026-04-08 00:22:14
608,70.58856717776177,85.88391810641144,17.885775673854482,2026-04-08 00:22:14
609,41.82897475242198,77.298547324819,14.898676724943728,2026-04-08 00:22:14
610,61.132694987225214,140.75006695802406,44.46164946588229,2026-04-08 00:22:14
611,58.297887605673985,134.22329222889076,42.3999014580746,2026-04-08 00:22:14
612,67.4401162263403,155.27208274554047,49.04902046638861,2026-04-08 00:22:14
613,60.33586901834952,138.91547896060987,43.88212001898212,2026-04-08 00:22:14
614,59.954857212851984,138.03824890970532,43.60501112754629,2026-04-08 00:22:14
615,68.56573729640769,83.42277513639026,17.373229762656745,2026-04-08 00:22:14
616,68.43123815894846,83.25913230627243,17.339150286374633,2026-04-08 00:22:14
617,65.28324242664559,79.4290190388989,16.54150914218721,2026-04-08 00:22:14
618,69.87662660433486,85.0177120287211,17.705383722317027,2026-04-08 00:22:14
619,68.08444332208364,156.75556195233315,49.51763788098644,2026-04-08 00:22:14
620,59.91747774890858,137.95218756308893,43.577825141006336,2026-04-08 00:22:14
621,62.368332646697475,143.59496171267082,45.360325509753395,2026-04-08 00:22:14
622,65.22236765397392,150.16600554541282,47.436057719553716,2026-04-08 00:22:14
623,67.68190158063686,155.82876202843195,49.22487032334265,2026-04-08 00:22:14
624,65.72159774481422,79.96235855480518,16.652579889188793,2026-04-08 00:22:14
625,63.74887100119654,77.56217522669586,16.152729142632275,2026-04-08 00:22:14
626,67.01136210543196,81.53159308034685,16.97938119637567,2026-04-08 00:22:14
627,63.891762560763766,77.7360289751232,16.188935096121465,2026-04-08 00:22:14
628,66.80124309392497,153.80116057886795,48.58436970508067,2026-04-08 00:22:14
629,60.87931735547819,140.16669796633295,44.27736857580234,2026-04-08 00:22:14
630,67.21970000451262,154.76460310657868,48.88871232369109,2026-04-08 00:22:14
631,61.38542034908056,141.3319341832554,44.64545596177288,2026-04-08 00:22:14
632,58.319811000861485,134.27376799053079,42.41584628615935,2026-04-08 00:22:14
633,68.11675998603079,82.87651202187,17.259467608569818,2026-04-08 00:22:14
634,63.14373853433276,76.82592076927385,15.999400296502904,2026-04-08 00:22:14
635,65.65025713350028,79.87555963729324,16.634503560097375,2026-04-08 00:22:14
636,69.99334286114045,85.15971872813371,17.734957361082916,2026-04-08 00:22:14
637,61.27106924868878,141.06865567017448,44.562288704992866,2026-04-08 00:22:14
638,62.24576121706497,143.31275696230733,45.27117962897729,2026-04-08 00:22:14
639,63.1041182624182,145.28901224816715,45.8954604671612,2026-04-08 00:22:14
640,56.99348546335788,131.22007620987594,41.451213185353694,2026-04-08 00:22:14
641,56.70436138323116,130.55440567718443,41.24093399668999,2026-04-08 00:22:14
